# Blender 5.1.1
# www.blender.org
mtllib Untitled.mtl
o Cylinder_0
v 2.371392 1.187651 -0.835127
v 2.540042 1.253471 -0.907589
v 2.580094 1.237437 -0.863935
v 2.416999 1.168829 -0.781445
v 2.416999 1.168829 -0.781445
v 2.580094 1.237437 -0.863935
v 2.609663 1.257304 -0.813957
v 2.453462 1.194188 -0.723622
v 2.453462 1.194188 -0.723622
v 2.609663 1.257304 -0.813957
v 2.617454 1.305483 -0.776744
v 2.462000 1.251968 -0.680051
v 2.462000 1.251968 -0.680051
v 2.617454 1.305483 -0.776744
v 2.600491 1.363572 -0.766509
v 2.441205 1.320893 -0.668787
v 2.441205 1.320893 -0.668787
v 2.600491 1.363572 -0.766509
v 2.565255 1.409382 -0.787163
v 2.399019 1.374636 -0.694130
v 2.399019 1.374636 -0.694130
v 2.565255 1.409382 -0.787163
v 2.525203 1.425417 -0.830816
v 2.351558 1.392666 -0.746401
v 2.351558 1.392666 -0.746401
v 2.525203 1.425417 -0.830816
v 2.495635 1.405550 -0.880794
v 2.316950 1.368099 -0.805635
v 2.316950 1.368099 -0.805635
v 2.495635 1.405550 -0.880794
v 2.487843 1.357370 -0.918008
v 2.308411 1.310317 -0.849206
v 2.565255 1.409382 -0.787163
v 2.600491 1.363572 -0.766509
v 2.896952 1.466937 -0.982249
v 2.877578 1.492124 -0.993606
v 2.308411 1.310317 -0.849206
v 2.487843 1.357370 -0.918008
v 2.504805 1.299281 -0.928243
v 2.329207 1.241392 -0.860471
v 2.329207 1.241392 -0.860471
v 2.504805 1.299281 -0.928243
v 2.540042 1.253471 -0.907589
v 2.371392 1.187651 -0.835127
v 0.658520 0.673094 0.288047
v 0.774974 0.601318 0.400888
v 0.872085 0.632494 0.545952
v 0.912760 0.754712 0.667831
v 0.881462 0.921290 0.719970
v 0.790147 1.068599 0.682455
v 0.673693 1.140374 0.569614
v 0.576582 1.109199 0.424550
v 0.535907 0.986980 0.302671
v 0.567205 0.820403 0.250532
v 1.036176 0.756854 0.191929
v 0.774974 0.601318 0.400888
v 0.658520 0.673094 0.288047
v 0.953411 0.815811 0.116181
v 0.953411 0.815811 0.116181
v 1.257632 0.918715 -0.102322
v 1.324790 0.861841 -0.045916
v 1.036176 0.756854 0.191929
v 1.257632 0.918715 -0.102322
v 1.559780 1.007217 -0.326504
v 1.615921 0.951265 -0.284059
v 1.324790 0.861841 -0.045916
v 1.559780 1.007217 -0.326504
v 1.855456 1.088701 -0.562553
v 1.908340 1.028327 -0.526865
v 1.615921 0.951265 -0.284059
v 2.202746 1.121824 -0.762646
v 2.031426 1.071277 -0.678564
v 1.709638 0.864230 -1.174055
v 1.813246 0.926406 -1.176508
v 0.567205 0.820403 0.250532
v 0.892028 0.924964 0.096635
v 0.953411 0.815811 0.116181
v 0.658520 0.673094 0.288047
v 0.892028 0.924964 0.096635
v 1.211827 1.012353 -0.110084
v 1.257632 0.918715 -0.102322
v 0.953411 0.815811 0.116181
v 1.211827 1.012353 -0.110084
v 1.525210 1.090210 -0.325463
v 1.559780 1.007217 -0.326504
v 1.257632 0.918715 -0.102322
v 1.525210 1.090210 -0.325463
v 1.826288 1.171182 -0.554701
v 1.855456 1.088701 -0.562553
v 1.559780 1.007217 -0.326504
v 2.128984 1.263258 -0.780385
v 2.153612 1.183497 -0.792680
v 1.813681 0.986439 -1.216585
v 1.770584 1.048120 -1.199840
v 0.535907 0.986980 0.302671
v 0.875477 1.042620 0.140760
v 0.892028 0.924964 0.096635
v 0.567205 0.820403 0.250532
v 0.875477 1.042620 0.140760
v 1.204870 1.106988 -0.066240
v 1.211827 1.012353 -0.110084
v 0.892028 0.924964 0.096635
v 1.204870 1.106988 -0.066240
v 1.525418 1.168547 -0.281330
v 1.525210 1.090210 -0.325463
v 1.211827 1.012353 -0.110084
v 1.525418 1.168547 -0.281330
v 1.831977 1.244265 -0.506306
v 1.826288 1.171182 -0.554701
v 1.525210 1.090210 -0.325463
v 1.870352 1.280035 -0.435852
v 2.024131 1.319971 -0.548908
v 1.672365 1.833361 -0.827609
v 1.561717 1.831787 -0.812929
v 0.576582 1.109199 0.424550
v 0.910077 1.123840 0.231702
v 0.875477 1.042620 0.140760
v 0.535907 0.986980 0.302671
v 0.910077 1.123840 0.231702
v 1.239419 1.166471 0.012464
v 1.204870 1.106988 -0.066240
v 0.875477 1.042620 0.140760
v 1.239419 1.166471 0.012464
v 1.560322 1.212302 -0.210966
v 1.525418 1.168547 -0.281330
v 1.204870 1.106988 -0.066240
v 1.560322 1.212302 -0.210966
v 1.870352 1.280035 -0.435852
v 1.831977 1.244265 -0.506306
v 1.525418 1.168547 -0.281330
v 1.831977 1.244265 -0.506306
v 1.870352 1.280035 -0.435852
v 1.561717 1.831787 -0.812929
v 1.508961 1.793361 -0.875475
v 0.673693 1.140374 0.569614
v 0.982613 1.137599 0.334722
v 0.910077 1.123840 0.231702
v 0.576582 1.109199 0.424550
v 0.982613 1.137599 0.334722
v 1.302277 1.168084 0.095966
v 1.239419 1.166471 0.012464
v 0.910077 1.123840 0.231702
v 1.302277 1.168084 0.095966
v 1.616592 1.204765 -0.141244
v 1.560322 1.212302 -0.210966
v 1.239419 1.166471 0.012464
v 1.616592 1.204765 -0.141244
v 1.926753 1.264828 -0.370252
v 1.870352 1.280035 -0.435852
v 1.560322 1.212302 -0.210966
v 2.281923 1.278211 -0.571043
v 2.232789 1.339883 -0.601077
v 2.230093 1.737529 -0.417732
v 2.246061 1.671093 -0.361422
v 0.790147 1.068599 0.682455
v 1.065378 1.078644 0.410471
v 0.982613 1.137599 0.334722
v 0.673693 1.140374 0.569614
v 1.065378 1.078644 0.410471
v 1.369435 1.111209 0.152370
v 1.302277 1.168084 0.095966
v 0.982613 1.137599 0.334722
v 1.369435 1.111209 0.152370
v 1.672733 1.148813 -0.098799
v 1.616592 1.204765 -0.141244
v 1.302277 1.168084 0.095966
v 1.672733 1.148813 -0.098799
v 1.979636 1.204454 -0.334564
v 1.926753 1.264828 -0.370252
v 1.616592 1.204765 -0.141244
v 2.130775 1.241331 -0.452801
v 2.281923 1.278211 -0.571043
v 2.246061 1.671093 -0.361422
v 2.189224 1.682405 -0.212767
v 0.881462 0.921290 0.719970
v 1.126761 0.969489 0.430017
v 1.065378 1.078644 0.410471
v 0.790147 1.068599 0.682455
v 1.126761 0.969489 0.430017
v 1.415240 1.017572 0.160133
v 1.369435 1.111209 0.152370
v 1.065378 1.078644 0.410471
v 1.415240 1.017572 0.160133
v 1.707303 1.065819 -0.099840
v 1.672733 1.148813 -0.098799
v 1.369435 1.111209 0.152370
v 1.707303 1.065819 -0.099840
v 2.008804 1.121972 -0.342417
v 1.979636 1.204454 -0.334564
v 1.672733 1.148813 -0.098799
v 2.161471 1.095531 -0.494099
v 2.297266 1.131066 -0.633267
v 2.907536 1.068548 -0.108905
v 2.873101 1.006708 -0.026135
v 0.912760 0.754712 0.667831
v 1.143313 0.851833 0.385891
v 1.126761 0.969489 0.430017
v 0.881462 0.921290 0.719970
v 1.143313 0.851833 0.385891
v 1.422196 0.922937 0.116289
v 1.415240 1.017572 0.160133
v 1.126761 0.969489 0.430017
v 1.422196 0.922937 0.116289
v 1.707095 0.987483 -0.143972
v 1.707303 1.065819 -0.099840
v 1.415240 1.017572 0.160133
v 1.707095 0.987483 -0.143972
v 2.003115 1.048888 -0.390812
v 2.008804 1.121972 -0.342417
v 1.707303 1.065819 -0.099840
v 1.979636 1.204454 -0.334564
v 2.008804 1.121972 -0.342417
v 2.801873 1.086614 0.110903
v 2.794560 1.153272 0.115363
v 0.872085 0.632494 0.545952
v 1.108713 0.770614 0.294950
v 1.143313 0.851833 0.385891
v 0.912760 0.754712 0.667831
v 1.108713 0.770614 0.294950
v 1.387648 0.863454 0.037586
v 1.422196 0.922937 0.116289
v 1.143313 0.851833 0.385891
v 1.387648 0.863454 0.037586
v 1.672191 0.943728 -0.214337
v 1.707095 0.987483 -0.143972
v 1.422196 0.922937 0.116289
v 1.672191 0.943728 -0.214337
v 1.960917 1.011490 -0.458355
v 2.003115 1.048888 -0.390812
v 1.707095 0.987483 -0.143972
v 2.031426 1.071277 -0.678564
v 2.202746 1.121824 -0.762646
v 2.250508 0.598828 -1.129230
v 2.168034 0.548406 -1.132452
v 0.774974 0.601318 0.400888
v 1.036176 0.756854 0.191929
v 1.108713 0.770614 0.294950
v 0.872085 0.632494 0.545952
v 1.036176 0.756854 0.191929
v 1.324790 0.861841 -0.045916
v 1.387648 0.863454 0.037586
v 1.108713 0.770614 0.294950
v 1.324790 0.861841 -0.045916
v 1.615921 0.951265 -0.284059
v 1.672191 0.943728 -0.214337
v 1.387648 0.863454 0.037586
v 1.615921 0.951265 -0.284059
v 1.908340 1.028327 -0.526865
v 1.960917 1.011490 -0.458355
v 1.672191 0.943728 -0.214337
v 2.253916 1.100221 -0.698939
v 2.297266 1.131066 -0.633267
v 2.300264 0.601399 -1.053278
v 2.295583 0.601595 -1.104537
v 2.162984 0.484219 -1.002667
v 2.140987 0.503762 -1.046603
v 2.328473 0.225908 -1.168258
v 2.347152 0.210086 -1.139320
v 2.140987 0.503762 -1.046603
v 2.168034 0.548406 -1.132452
v 2.339448 0.273385 -1.221279
v 2.328473 0.225908 -1.168258
v 2.202746 1.121824 -0.762646
v 2.253916 1.100221 -0.698939
v 2.295583 0.601595 -1.104537
v 2.250508 0.598828 -1.129230
v 2.161471 1.095531 -0.494099
v 2.003115 1.048888 -0.390812
v 2.188980 0.511382 -0.965485
v 2.272339 0.559280 -0.964848
v 2.003115 1.048888 -0.390812
v 1.960917 1.011490 -0.458355
v 2.162984 0.484219 -1.002667
v 2.188980 0.511382 -0.965485
v 1.960917 1.011490 -0.458355
v 1.908340 1.028327 -0.526865
v 2.140987 0.503762 -1.046603
v 2.162984 0.484219 -1.002667
v 2.297266 1.131066 -0.633267
v 2.161471 1.095531 -0.494099
v 2.272339 0.559280 -0.964848
v 2.300264 0.601399 -1.053278
v 1.908340 1.028327 -0.526865
v 2.031426 1.071277 -0.678564
v 2.168034 0.548406 -1.132452
v 2.140987 0.503762 -1.046603
v 2.347152 0.210086 -1.139320
v 2.328473 0.225908 -1.168258
v 2.519756 0.081211 -1.264518
v 2.533947 0.069192 -1.242534
v 2.421712 0.320974 -1.153351
v 2.409671 0.274685 -1.098196
v 2.581446 0.118271 -1.211293
v 2.590600 0.153440 -1.253201
v 2.188980 0.511382 -0.965485
v 2.162984 0.484219 -1.002667
v 2.347152 0.210086 -1.139320
v 2.360314 0.227707 -1.108451
v 2.250508 0.598828 -1.129230
v 2.295583 0.601595 -1.104537
v 2.418507 0.327703 -1.189483
v 2.387739 0.321552 -1.208888
v 2.295583 0.601595 -1.104537
v 2.300264 0.601399 -1.053278
v 2.421712 0.320974 -1.153351
v 2.418507 0.327703 -1.189483
v 2.300264 0.601399 -1.053278
v 2.272339 0.559280 -0.964848
v 2.409671 0.274685 -1.098196
v 2.421712 0.320974 -1.153351
v 2.272339 0.559280 -0.964848
v 2.188980 0.511382 -0.965485
v 2.360314 0.227707 -1.108451
v 2.409671 0.274685 -1.098196
v 2.168034 0.548406 -1.132452
v 2.250508 0.598828 -1.129230
v 2.387739 0.321552 -1.208888
v 2.339448 0.273385 -1.221279
v 2.581446 0.118271 -1.211293
v 2.543945 0.082579 -1.219081
v 2.758003 -0.082292 -1.351205
v 2.778102 -0.063166 -1.347035
v 2.588163 0.158551 -1.280649
v 2.590600 0.153440 -1.253201
v 2.783003 -0.044323 -1.369488
v 2.781696 -0.041585 -1.384194
v 2.360314 0.227707 -1.108451
v 2.347152 0.210086 -1.139320
v 2.533947 0.069192 -1.242534
v 2.543945 0.082579 -1.219081
v 2.328473 0.225908 -1.168258
v 2.339448 0.273385 -1.221279
v 2.528096 0.117283 -1.304802
v 2.519756 0.081211 -1.264518
v 2.387739 0.321552 -1.208888
v 2.418507 0.327703 -1.189483
v 2.588163 0.158551 -1.280649
v 2.564786 0.153877 -1.295390
v 2.418507 0.327703 -1.189483
v 2.421712 0.320974 -1.153351
v 2.590600 0.153440 -1.253201
v 2.588163 0.158551 -1.280649
v 2.409671 0.274685 -1.098196
v 2.360314 0.227707 -1.108451
v 2.543945 0.082579 -1.219081
v 2.581446 0.118271 -1.211293
v 2.339448 0.273385 -1.221279
v 2.387739 0.321552 -1.208888
v 2.564786 0.153877 -1.295390
v 2.528096 0.117283 -1.304802
v 2.758003 -0.082292 -1.351205
v 2.752650 -0.089463 -1.363774
v 2.781696 -0.041585 -1.384194
v 2.781696 -0.041585 -1.384194
v 2.783003 -0.044323 -1.369488
v 2.778102 -0.063166 -1.347035
v 2.781696 -0.041585 -1.384194
v 2.778102 -0.063166 -1.347035
v 2.758003 -0.082292 -1.351205
v 2.752650 -0.089463 -1.363774
v 2.745045 -0.083023 -1.375553
v 2.749512 -0.063697 -1.397137
v 2.749512 -0.063697 -1.397137
v 2.769176 -0.044086 -1.392097
v 2.781696 -0.041585 -1.384194
v 2.749512 -0.063697 -1.397137
v 2.781696 -0.041585 -1.384194
v 2.752650 -0.089463 -1.363774
v 2.528096 0.117283 -1.304802
v 2.564786 0.153877 -1.295390
v 2.769176 -0.044086 -1.392097
v 2.749512 -0.063697 -1.397137
v 2.590600 0.153440 -1.253201
v 2.581446 0.118271 -1.211293
v 2.778102 -0.063166 -1.347035
v 2.783003 -0.044323 -1.369488
v 2.533947 0.069192 -1.242534
v 2.519756 0.081211 -1.264518
v 2.745045 -0.083023 -1.375553
v 2.752650 -0.089463 -1.363774
v 2.543945 0.082579 -1.219081
v 2.533947 0.069192 -1.242534
v 2.752650 -0.089463 -1.363774
v 2.758003 -0.082292 -1.351205
v 2.519756 0.081211 -1.264518
v 2.528096 0.117283 -1.304802
v 2.749512 -0.063697 -1.397137
v 2.745045 -0.083023 -1.375553
v 2.564786 0.153877 -1.295390
v 2.588163 0.158551 -1.280649
v 2.781696 -0.041585 -1.384194
v 2.769176 -0.044086 -1.392097
v 2.794560 1.153272 0.115363
v 2.801873 1.086614 0.110903
v 3.289360 1.128559 0.316751
v 3.280959 1.183199 0.319563
v 2.801873 1.086614 0.110903
v 2.819943 1.033334 0.081564
v 3.301865 1.084414 0.291725
v 3.289360 1.128559 0.316751
v 2.008804 1.121972 -0.342417
v 2.003115 1.048888 -0.390812
v 2.819943 1.033334 0.081564
v 2.801873 1.086614 0.110903
v 2.003115 1.048888 -0.390812
v 2.161471 1.095531 -0.494099
v 2.873101 1.006708 -0.026135
v 2.819943 1.033334 0.081564
v 2.306550 1.198450 -0.583339
v 2.281923 1.278211 -0.571043
v 2.883371 1.182735 -0.076727
v 2.900453 1.126280 -0.103465
v 2.297266 1.131066 -0.633267
v 2.306550 1.198450 -0.583339
v 2.900453 1.126280 -0.103465
v 2.907536 1.068548 -0.108905
v 2.130775 1.241331 -0.452801
v 1.979636 1.204454 -0.334564
v 2.794560 1.153272 0.115363
v 2.829683 1.216777 0.030873
v 2.281923 1.278211 -0.571043
v 2.130775 1.241331 -0.452801
v 2.829683 1.216777 0.030873
v 2.883371 1.182735 -0.076727
v 3.340659 1.109735 0.122878
v 3.333019 1.157084 0.126714
v 3.642582 1.195915 0.241851
v 3.651008 1.163377 0.239195
v 3.320755 1.203783 0.149381
v 3.292842 1.233620 0.243862
v 3.645348 1.256003 0.324247
v 3.637061 1.229279 0.257767
v 2.907536 1.068548 -0.108905
v 2.900453 1.126280 -0.103465
v 3.333019 1.157084 0.126714
v 3.340659 1.109735 0.122878
v 2.883371 1.182735 -0.076727
v 2.829683 1.216777 0.030873
v 3.292842 1.233620 0.243862
v 3.320755 1.203783 0.149381
v 2.900453 1.126280 -0.103465
v 2.883371 1.182735 -0.076727
v 3.320755 1.203783 0.149381
v 3.333019 1.157084 0.126714
v 2.829683 1.216777 0.030873
v 2.794560 1.153272 0.115363
v 3.280959 1.183199 0.319563
v 3.292842 1.233620 0.243862
v 2.819943 1.033334 0.081564
v 2.873101 1.006708 -0.026135
v 3.328968 1.060641 0.197037
v 3.301865 1.084414 0.291725
v 2.873101 1.006708 -0.026135
v 2.907536 1.068548 -0.108905
v 3.340659 1.109735 0.122878
v 3.328968 1.060641 0.197037
v 3.666095 1.226742 0.377590
v 3.676055 1.189304 0.375658
v 4.055776 1.300967 0.241325
v 4.052022 1.315073 0.242054
v 3.676055 1.189304 0.375658
v 3.680745 1.157520 0.358083
v 4.057543 1.288989 0.234704
v 4.055776 1.300967 0.241325
v 3.333019 1.157084 0.126714
v 3.320755 1.203783 0.149381
v 3.637061 1.229279 0.257767
v 3.642582 1.195915 0.241851
v 3.292842 1.233620 0.243862
v 3.280959 1.183199 0.319563
v 3.666095 1.226742 0.377590
v 3.645348 1.256003 0.324247
v 3.301865 1.084414 0.291725
v 3.328968 1.060641 0.197037
v 3.671280 1.134918 0.291446
v 3.680745 1.157520 0.358083
v 3.328968 1.060641 0.197037
v 3.340659 1.109735 0.122878
v 3.651008 1.163377 0.239195
v 3.671280 1.134918 0.291446
v 3.289360 1.128559 0.316751
v 3.301865 1.084414 0.291725
v 3.680745 1.157520 0.358083
v 3.676055 1.189304 0.375658
v 3.280959 1.183199 0.319563
v 3.289360 1.128559 0.316751
v 3.676055 1.189304 0.375658
v 3.666095 1.226742 0.377590
v 4.052022 1.315073 0.242054
v 4.055776 1.300967 0.241325
v 4.043162 1.303456 0.190907
v 4.041084 1.316030 0.196902
v 4.044201 1.326097 0.221957
v 4.057543 1.288989 0.234704
v 4.053977 1.280474 0.209594
v 4.046339 1.291198 0.189904
v 3.637061 1.229279 0.257767
v 3.645348 1.256003 0.324247
v 4.044201 1.326097 0.221957
v 4.041084 1.316030 0.196902
v 3.651008 1.163377 0.239195
v 3.642582 1.195915 0.241851
v 4.043162 1.303456 0.190907
v 4.046339 1.291198 0.189904
v 3.642582 1.195915 0.241851
v 3.637061 1.229279 0.257767
v 4.041084 1.316030 0.196902
v 4.043162 1.303456 0.190907
v 3.645348 1.256003 0.324247
v 3.666095 1.226742 0.377590
v 4.052022 1.315073 0.242054
v 4.044201 1.326097 0.221957
v 3.680745 1.157520 0.358083
v 3.671280 1.134918 0.291446
v 4.053977 1.280474 0.209594
v 4.057543 1.288989 0.234704
v 3.671280 1.134918 0.291446
v 3.651008 1.163377 0.239195
v 4.046339 1.291198 0.189904
v 4.053977 1.280474 0.209594
v 2.157092 1.756559 -0.464080
v 2.013738 1.772420 -0.418637
v 2.210446 2.057587 -0.229381
v 2.320982 2.045358 -0.264422
v 2.246061 1.671093 -0.361422
v 2.230093 1.737529 -0.417732
v 2.377270 2.030683 -0.228684
v 2.389584 1.979457 -0.185267
v 2.024131 1.319971 -0.548908
v 1.870352 1.280035 -0.435852
v 1.938301 1.786158 -0.297588
v 2.013738 1.772420 -0.418637
v 1.870352 1.280035 -0.435852
v 1.926753 1.264828 -0.370252
v 1.973380 1.768941 -0.214979
v 1.938301 1.786158 -0.297588
v 1.926753 1.264828 -0.370252
v 1.979636 1.204454 -0.334564
v 2.034075 1.707189 -0.185754
v 1.973380 1.768941 -0.214979
v 1.979636 1.204454 -0.334564
v 2.130775 1.241331 -0.452801
v 2.189224 1.682405 -0.212767
v 2.034075 1.707189 -0.185754
v 2.232789 1.339883 -0.601077
v 2.177918 1.359910 -0.661968
v 2.157092 1.756559 -0.464080
v 2.230093 1.737529 -0.417732
v 2.177918 1.359910 -0.661968
v 2.024131 1.319971 -0.548908
v 2.013738 1.772420 -0.418637
v 2.157092 1.756559 -0.464080
v 2.345756 1.988179 -0.070642
v 2.389584 1.979457 -0.185267
v 2.868242 2.445508 -0.115024
v 2.841195 2.450892 -0.044278
v 2.226130 2.007292 -0.049817
v 2.345756 1.988179 -0.070642
v 2.841195 2.450892 -0.044278
v 2.767352 2.462688 -0.031419
v 2.230093 1.737529 -0.417732
v 2.157092 1.756559 -0.464080
v 2.320982 2.045358 -0.264422
v 2.377270 2.030683 -0.228684
v 2.013738 1.772420 -0.418637
v 1.938301 1.786158 -0.297588
v 2.152277 2.068178 -0.136043
v 2.210446 2.057587 -0.229381
v 2.034075 1.707189 -0.185754
v 2.189224 1.682405 -0.212767
v 2.345756 1.988179 -0.070642
v 2.226130 2.007292 -0.049817
v 2.189224 1.682405 -0.212767
v 2.246061 1.671093 -0.361422
v 2.389584 1.979457 -0.185267
v 2.345756 1.988179 -0.070642
v 1.973380 1.768941 -0.214979
v 2.034075 1.707189 -0.185754
v 2.226130 2.007292 -0.049817
v 2.179332 2.054905 -0.072353
v 1.938301 1.786158 -0.297588
v 1.973380 1.768941 -0.214979
v 2.179332 2.054905 -0.072353
v 2.152277 2.068178 -0.136043
v 2.721771 2.500270 -0.084645
v 2.738466 2.492077 -0.045328
v 2.860644 2.477126 -0.141824
v 2.860644 2.477126 -0.141824
v 2.825899 2.486184 -0.163881
v 2.757670 2.493731 -0.142251
v 2.860644 2.477126 -0.141824
v 2.757670 2.493731 -0.142251
v 2.721771 2.500270 -0.084645
v 2.767352 2.462688 -0.031419
v 2.841195 2.450892 -0.044278
v 2.868242 2.445508 -0.115024
v 2.868242 2.445508 -0.115024
v 2.860644 2.477126 -0.141824
v 2.738466 2.492077 -0.045328
v 2.767352 2.462688 -0.031419
v 2.868242 2.445508 -0.115024
v 2.738466 2.492077 -0.045328
v 2.179332 2.054905 -0.072353
v 2.226130 2.007292 -0.049817
v 2.767352 2.462688 -0.031419
v 2.738466 2.492077 -0.045328
v 2.152277 2.068178 -0.136043
v 2.179332 2.054905 -0.072353
v 2.738466 2.492077 -0.045328
v 2.721771 2.500270 -0.084645
v 2.320982 2.045358 -0.264422
v 2.210446 2.057587 -0.229381
v 2.757670 2.493731 -0.142251
v 2.825899 2.486184 -0.163881
v 2.389584 1.979457 -0.185267
v 2.377270 2.030683 -0.228684
v 2.860644 2.477126 -0.141824
v 2.868242 2.445508 -0.115024
v 2.377270 2.030683 -0.228684
v 2.320982 2.045358 -0.264422
v 2.825899 2.486184 -0.163881
v 2.860644 2.477126 -0.141824
v 2.210446 2.057587 -0.229381
v 2.152277 2.068178 -0.136043
v 2.721771 2.500270 -0.084645
v 2.757670 2.493731 -0.142251
v 1.705773 1.703878 -1.018934
v 1.592955 1.690582 -1.014669
v 1.493436 1.966588 -1.336260
v 1.559790 1.974407 -1.338765
v 1.754472 1.800472 -0.900374
v 1.749858 1.766979 -0.978469
v 1.585725 2.011523 -1.314966
v 1.588436 2.031224 -1.269027
v 2.138268 1.330642 -0.730457
v 2.128984 1.263258 -0.780385
v 1.705773 1.703878 -1.018934
v 1.749858 1.766979 -0.978469
v 2.024131 1.319971 -0.548908
v 2.177918 1.359910 -0.661968
v 1.754472 1.800472 -0.900374
v 1.672365 1.833361 -0.827609
v 2.177918 1.359910 -0.661968
v 2.138268 1.330642 -0.730457
v 1.749858 1.766979 -0.978469
v 1.754472 1.800472 -0.900374
v 1.977633 1.217219 -0.667539
v 1.826288 1.171182 -0.554701
v 1.514795 1.722250 -0.930041
v 1.592955 1.690582 -1.014669
v 1.826288 1.171182 -0.554701
v 1.831977 1.244265 -0.506306
v 1.508961 1.793361 -0.875475
v 1.514795 1.722250 -0.930041
v 2.128984 1.263258 -0.780385
v 1.977633 1.217219 -0.667539
v 1.592955 1.690582 -1.014669
v 1.705773 1.703878 -1.018934
v 1.585725 2.011523 -1.314966
v 1.559790 1.974407 -1.338765
v 1.317322 2.269714 -1.952765
v 1.328387 2.285548 -1.942613
v 1.588436 2.031224 -1.269027
v 1.585725 2.011523 -1.314966
v 1.328387 2.285548 -1.942613
v 1.329544 2.293953 -1.923016
v 1.749858 1.766979 -0.978469
v 1.705773 1.703878 -1.018934
v 1.559790 1.974407 -1.338765
v 1.585725 2.011523 -1.314966
v 1.592955 1.690582 -1.014669
v 1.514795 1.722250 -0.930041
v 1.447460 1.985214 -1.286480
v 1.493436 1.966588 -1.336260
v 1.561717 1.831787 -0.812929
v 1.672365 1.833361 -0.827609
v 1.540143 2.050570 -1.226228
v 1.475058 2.049645 -1.217595
v 1.672365 1.833361 -0.827609
v 1.754472 1.800472 -0.900374
v 1.588436 2.031224 -1.269027
v 1.540143 2.050570 -1.226228
v 1.508961 1.793361 -0.875475
v 1.561717 1.831787 -0.812929
v 1.475058 2.049645 -1.217595
v 1.444028 2.027043 -1.254384
v 1.514795 1.722250 -0.930041
v 1.508961 1.793361 -0.875475
v 1.444028 2.027043 -1.254384
v 1.447460 1.985214 -1.286480
v 1.269402 2.274325 -1.930461
v 1.267939 2.292169 -1.916769
v 1.328387 2.285548 -1.942613
v 1.328387 2.285548 -1.942613
v 1.317322 2.269714 -1.952765
v 1.289010 2.266376 -1.951693
v 1.328387 2.285548 -1.942613
v 1.289010 2.266376 -1.951693
v 1.269402 2.274325 -1.930461
v 1.267939 2.292169 -1.916769
v 1.281174 2.301810 -1.901073
v 1.308941 2.302205 -1.904758
v 1.308941 2.302205 -1.904758
v 1.329544 2.293953 -1.923016
v 1.328387 2.285548 -1.942613
v 1.308941 2.302205 -1.904758
v 1.328387 2.285548 -1.942613
v 1.267939 2.292169 -1.916769
v 1.493436 1.966588 -1.336260
v 1.447460 1.985214 -1.286480
v 1.269402 2.274325 -1.930461
v 1.289010 2.266376 -1.951693
v 1.475058 2.049645 -1.217595
v 1.540143 2.050570 -1.226228
v 1.308941 2.302205 -1.904758
v 1.281174 2.301810 -1.901073
v 1.540143 2.050570 -1.226228
v 1.588436 2.031224 -1.269027
v 1.329544 2.293953 -1.923016
v 1.308941 2.302205 -1.904758
v 1.444028 2.027043 -1.254384
v 1.475058 2.049645 -1.217595
v 1.281174 2.301810 -1.901073
v 1.267939 2.292169 -1.916769
v 1.447460 1.985214 -1.286480
v 1.444028 2.027043 -1.254384
v 1.267939 2.292169 -1.916769
v 1.269402 2.274325 -1.930461
v 1.559790 1.974407 -1.338765
v 1.493436 1.966588 -1.336260
v 1.289010 2.266376 -1.951693
v 1.317322 2.269714 -1.952765
v 1.547191 0.939914 -1.132141
v 1.554158 1.013486 -1.136359
v 1.419300 0.797560 -1.799114
v 1.410357 0.737093 -1.799035
v 1.709638 0.864230 -1.174055
v 1.600386 0.889477 -1.103166
v 1.447743 0.692562 -1.769783
v 1.545516 0.669068 -1.813246
v 1.908340 1.028327 -0.526865
v 1.855456 1.088701 -0.562553
v 1.547191 0.939914 -1.132141
v 1.600386 0.889477 -1.103166
v 2.031426 1.071277 -0.678564
v 1.908340 1.028327 -0.526865
v 1.600386 0.889477 -1.103166
v 1.709638 0.864230 -1.174055
v 1.855456 1.088701 -0.562553
v 1.826288 1.171182 -0.554701
v 1.554158 1.013486 -1.136359
v 1.547191 0.939914 -1.132141
v 2.153612 1.183497 -0.792680
v 2.202746 1.121824 -0.762646
v 1.813246 0.926406 -1.176508
v 1.813681 0.986439 -1.216585
v 1.977633 1.217219 -0.667539
v 2.128984 1.263258 -0.780385
v 1.770584 1.048120 -1.199840
v 1.649849 1.074945 -1.166524
v 1.826288 1.171182 -0.554701
v 1.977633 1.217219 -0.667539
v 1.649849 1.074945 -1.166524
v 1.554158 1.013486 -1.136359
v 1.545516 0.669068 -1.813246
v 1.447743 0.692562 -1.769783
v 1.463923 0.527655 -2.137465
v 1.531593 0.511396 -2.167545
v 1.632365 0.716083 -1.798955
v 1.545516 0.669068 -1.813246
v 1.531593 0.511396 -2.167545
v 1.591701 0.543935 -2.157656
v 1.600386 0.889477 -1.103166
v 1.547191 0.939914 -1.132141
v 1.410357 0.737093 -1.799035
v 1.447743 0.692562 -1.769783
v 1.554158 1.013486 -1.136359
v 1.649849 1.074945 -1.166524
v 1.503543 0.845037 -1.808486
v 1.419300 0.797560 -1.799114
v 1.649849 1.074945 -1.166524
v 1.770584 1.048120 -1.199840
v 1.605366 0.818785 -1.819846
v 1.503543 0.845037 -1.808486
v 1.770584 1.048120 -1.199840
v 1.813681 0.986439 -1.216585
v 1.640491 0.766594 -1.829551
v 1.605366 0.818785 -1.819846
v 1.813681 0.986439 -1.216585
v 1.813246 0.926406 -1.176508
v 1.632365 0.716083 -1.798955
v 1.640491 0.766594 -1.829551
v 1.813246 0.926406 -1.176508
v 1.709638 0.864230 -1.174055
v 1.545516 0.669068 -1.813246
v 1.632365 0.716083 -1.798955
v 1.573012 0.615012 -2.172112
v 1.597317 0.578891 -2.178826
v 1.723891 0.300002 -2.709463
v 1.711756 0.318039 -2.706112
v 1.502538 0.633178 -2.164246
v 1.573012 0.615012 -2.172112
v 1.711756 0.318039 -2.706112
v 1.676570 0.327109 -2.702185
v 1.410357 0.737093 -1.799035
v 1.419300 0.797560 -1.799114
v 1.444239 0.600323 -2.157764
v 1.438053 0.558475 -2.157710
v 1.447743 0.692562 -1.769783
v 1.410357 0.737093 -1.799035
v 1.438053 0.558475 -2.157710
v 1.463923 0.527655 -2.137465
v 1.419300 0.797560 -1.799114
v 1.503543 0.845037 -1.808486
v 1.502538 0.633178 -2.164246
v 1.444239 0.600323 -2.157764
v 1.503543 0.845037 -1.808486
v 1.605366 0.818785 -1.819846
v 1.573012 0.615012 -2.172112
v 1.502538 0.633178 -2.164246
v 1.605366 0.818785 -1.819846
v 1.640491 0.766594 -1.829551
v 1.597317 0.578891 -2.178826
v 1.573012 0.615012 -2.172112
v 1.640491 0.766594 -1.829551
v 1.632365 0.716083 -1.798955
v 1.591701 0.543935 -2.157656
v 1.597317 0.578891 -2.178826
v 1.657292 0.274423 -2.688814
v 1.644368 0.289809 -2.698919
v 1.723891 0.300002 -2.709463
v 1.723891 0.300002 -2.709463
v 1.721090 0.282550 -2.698895
v 1.691077 0.266303 -2.703832
v 1.723891 0.300002 -2.709463
v 1.691077 0.266303 -2.703832
v 1.657292 0.274423 -2.688814
v 1.644368 0.289809 -2.698919
v 1.647460 0.310704 -2.698948
v 1.676570 0.327109 -2.702185
v 1.676570 0.327109 -2.702185
v 1.711756 0.318039 -2.706112
v 1.723891 0.300002 -2.709463
v 1.676570 0.327109 -2.702185
v 1.723891 0.300002 -2.709463
v 1.644368 0.289809 -2.698919
v 1.597317 0.578891 -2.178826
v 1.591701 0.543935 -2.157656
v 1.721090 0.282550 -2.698895
v 1.723891 0.300002 -2.709463
v 1.591701 0.543935 -2.157656
v 1.531593 0.511396 -2.167545
v 1.691077 0.266303 -2.703832
v 1.721090 0.282550 -2.698895
v 1.531593 0.511396 -2.167545
v 1.463923 0.527655 -2.137465
v 1.657292 0.274423 -2.688814
v 1.691077 0.266303 -2.703832
v 1.438053 0.558475 -2.157710
v 1.444239 0.600323 -2.157764
v 1.647460 0.310704 -2.698948
v 1.644368 0.289809 -2.698919
v 1.463923 0.527655 -2.137465
v 1.438053 0.558475 -2.157710
v 1.644368 0.289809 -2.698919
v 1.657292 0.274423 -2.688814
v 1.444239 0.600323 -2.157764
v 1.502538 0.633178 -2.164246
v 1.676570 0.327109 -2.702185
v 1.647460 0.310704 -2.698948
v 2.901994 1.408508 -1.008337
v 2.885737 1.397584 -1.035817
v 2.863715 1.406400 -1.059818
v 2.844342 1.431588 -1.071174
v 2.835016 1.463527 -1.065546
v 2.839300 1.490016 -1.045085
v 2.855556 1.500940 -1.017607
v 2.877578 1.492124 -0.993606
v 2.896952 1.466937 -0.982249
v 2.906278 1.434997 -0.987877
v 2.600491 1.363572 -0.766509
v 2.617454 1.305483 -0.776744
v 2.906278 1.434997 -0.987877
v 2.896952 1.466937 -0.982249
v 2.580094 1.237437 -0.863935
v 2.540042 1.253471 -0.907589
v 2.863715 1.406400 -1.059818
v 2.885737 1.397584 -1.035817
v 2.617454 1.305483 -0.776744
v 2.609663 1.257304 -0.813957
v 2.901994 1.408508 -1.008337
v 2.906278 1.434997 -0.987877
v 2.609663 1.257304 -0.813957
v 2.580094 1.237437 -0.863935
v 2.885737 1.397584 -1.035817
v 2.901994 1.408508 -1.008337
v 2.540042 1.253471 -0.907589
v 2.504805 1.299281 -0.928243
v 2.844342 1.431588 -1.071174
v 2.863715 1.406400 -1.059818
v 2.504805 1.299281 -0.928243
v 2.487843 1.357370 -0.918008
v 2.835016 1.463527 -1.065546
v 2.844342 1.431588 -1.071174
v 2.487843 1.357370 -0.918008
v 2.495635 1.405550 -0.880794
v 2.839300 1.490016 -1.045085
v 2.835016 1.463527 -1.065546
v 2.495635 1.405550 -0.880794
v 2.525203 1.425417 -0.830816
v 2.855556 1.500940 -1.017607
v 2.839300 1.490016 -1.045085
v 2.525203 1.425417 -0.830816
v 2.565255 1.409382 -0.787163
v 2.877578 1.492124 -0.993606
v 2.855556 1.500940 -1.017607
v 2.153612 1.183497 -0.792680
v 2.329207 1.241392 -0.860471
v 2.371392 1.187651 -0.835127
v 2.202746 1.121824 -0.762646
v 2.128984 1.263258 -0.780385
v 2.308411 1.310317 -0.849206
v 2.329207 1.241392 -0.860471
v 2.153612 1.183497 -0.792680
v 2.138268 1.330642 -0.730457
v 2.316950 1.368099 -0.805635
v 2.308411 1.310317 -0.849206
v 2.128984 1.263258 -0.780385
v 2.177918 1.359910 -0.661968
v 2.351558 1.392666 -0.746401
v 2.316950 1.368099 -0.805635
v 2.138268 1.330642 -0.730457
v 2.232789 1.339883 -0.601077
v 2.399019 1.374636 -0.694130
v 2.351558 1.392666 -0.746401
v 2.177918 1.359910 -0.661968
v 2.281923 1.278211 -0.571043
v 2.441205 1.320893 -0.668787
v 2.399019 1.374636 -0.694130
v 2.232789 1.339883 -0.601077
v 2.306550 1.198450 -0.583339
v 2.462000 1.251968 -0.680051
v 2.441205 1.320893 -0.668787
v 2.281923 1.278211 -0.571043
v 2.297266 1.131066 -0.633267
v 2.453462 1.194188 -0.723622
v 2.462000 1.251968 -0.680051
v 2.306550 1.198450 -0.583339
v 2.253916 1.100221 -0.698939
v 2.416999 1.168829 -0.781445
v 2.453462 1.194188 -0.723622
v 2.297266 1.131066 -0.633267
v 2.202746 1.121824 -0.762646
v 2.371392 1.187651 -0.835127
v 2.416999 1.168829 -0.781445
v 2.253916 1.100221 -0.698939
vn -0.7536 -0.3211 0.5735
vn 0.8433 -0.5347 -0.0541
vn 0.8936 -0.4203 -0.1577
vn 0.6882 -0.6544 -0.3133
vn 0.3028 -0.7403 -0.6002
vn 0.5485 -0.3554 -0.7569
vn 0.6162 -0.5943 -0.5169
vn 0.9393 0.2615 -0.2221
vn 0.9393 0.2614 -0.2221
vn 0.9394 0.2614 -0.2220
vn 0.9394 0.2613 -0.2221
vn 0.9394 0.2612 -0.2222
vn 0.2087 0.9713 0.1138
vn 0.1567 0.9756 0.1538
vn 0.1592 0.9872 -0.0128
vn 0.1550 0.9878 -0.0159
vn 0.5324 0.6181 0.5783
vn 0.5100 0.7223 0.4670
vn -0.2685 0.5725 -0.7747
vn -0.0995 0.5854 -0.8046
vn -0.2635 0.7979 -0.5421
vn -0.0755 0.8768 -0.4749
vn 0.0178 0.9185 -0.3950
vn -0.0900 0.8937 -0.4395
vn -0.0359 -0.5695 -0.8212
vn 0.4053 -0.5202 -0.7518
vn -0.3584 0.1965 -0.9126
vn -0.1196 0.0163 -0.9927
vn -0.0762 0.1324 -0.9883
vn -0.1352 0.0299 -0.9904
vn 0.7536 0.3211 -0.5735
vn 0.1488 -0.8822 -0.4468
vn 0.4303 -0.8957 0.1122
vn 0.5712 -0.5515 0.6079
vn 0.5230 0.0112 0.8523
vn 0.5230 0.0112 0.8522
vn 0.3027 0.5836 0.7535
vn 0.3028 0.5836 0.7535
vn -0.0084 0.9399 0.3414
vn -0.2832 0.9349 -0.2139
vn -0.2832 0.9349 -0.2140
vn -0.4171 0.5908 -0.6906
vn -0.4171 0.5908 -0.6907
vn 0.3319 0.5879 0.7377
vn -0.3707 0.0468 -0.9276
vn -0.3707 0.0469 -0.9276
vn -0.1591 -0.5133 -0.8433
vn -0.1591 -0.5134 -0.8433
vn 0.0289 -0.8070 -0.5899
vn 0.0288 -0.8070 -0.5899
vn -0.1416 -0.8185 -0.5568
vn -0.2307 -0.7715 -0.5929
vn -0.3154 -0.7149 -0.6241
vn -0.3155 -0.7148 -0.6241
vn -0.3154 -0.7148 -0.6241
vn 0.4017 -0.9114 0.0891
vn 0.4018 -0.9114 0.0891
vn -0.3082 -0.3777 -0.8731
vn -0.3082 -0.3778 -0.8731
vn -0.4524 -0.3496 -0.8204
vn -0.5122 -0.2641 -0.8172
vn -0.5122 -0.2642 -0.8172
vn -0.5744 -0.1783 -0.7989
vn 0.5858 0.4225 -0.6916
vn -0.4610 0.2141 -0.8612
vn -0.5615 0.2629 -0.7846
vn -0.5776 0.3521 -0.7365
vn -0.6090 0.4307 -0.6661
vn -0.6090 0.4308 -0.6661
vn 0.2611 0.6183 0.7413
vn 0.2610 0.6183 0.7413
vn 0.2610 0.6183 0.7414
vn -0.3757 0.7327 -0.5675
vn -0.3756 0.7327 -0.5675
vn -0.4280 0.7736 -0.4672
vn -0.4280 0.7737 -0.4672
vn -0.4032 0.8294 -0.3866
vn -0.4031 0.8295 -0.3866
vn -0.4032 0.8295 -0.3866
vn -0.4064 0.8698 -0.2797
vn -0.4065 0.8698 -0.2797
vn -0.8063 -0.0640 0.5881
vn -0.8062 -0.0640 0.5881
vn -0.0945 0.9889 -0.1145
vn -0.1122 0.9937 -0.0004
vn -0.1123 0.9937 -0.0004
vn -0.0647 0.9939 0.0888
vn -0.0648 0.9939 0.0888
vn -0.0505 0.9772 0.2062
vn -0.0504 0.9772 0.2062
vn 0.9078 0.2213 -0.3562
vn 0.9079 0.2213 -0.3561
vn 0.2771 0.9016 0.3323
vn 0.2680 0.8545 0.4449
vn 0.2681 0.8545 0.4449
vn 0.3135 0.7961 0.5176
vn 0.3272 0.7188 0.6134
vn 0.3273 0.7187 0.6134
vn 0.3273 0.7188 0.6134
vn 0.7611 -0.3237 0.5621
vn 0.7611 -0.3237 0.5620
vn 0.6090 0.4997 0.6160
vn 0.6091 0.4996 0.6160
vn 0.5783 0.4013 0.7103
vn 0.5962 0.2997 0.7448
vn 0.5962 0.2996 0.7448
vn 0.5865 0.1835 0.7889
vn 0.1283 -0.9406 -0.3143
vn 0.1282 -0.9406 -0.3143
vn 0.1283 -0.9406 -0.3144
vn 0.7762 -0.0811 0.6252
vn 0.7762 -0.0811 0.6253
vn 0.6966 -0.2074 0.6868
vn 0.6966 -0.2075 0.6868
vn 0.6686 -0.3162 0.6730
vn 0.6220 -0.4258 0.6571
vn 0.6220 -0.4257 0.6571
vn -0.4886 -0.1898 0.8516
vn 0.7048 -0.6205 0.3439
vn 0.5692 -0.7317 0.3749
vn 0.5692 -0.7318 0.3749
vn 0.4972 -0.8043 0.3254
vn 0.4208 -0.8649 0.2737
vn -0.4380 0.5058 -0.7432
vn 0.4177 -0.9003 -0.1226
vn 0.2480 -0.9635 -0.1006
vn 0.2480 -0.9635 -0.1007
vn 0.1537 -0.9755 -0.1572
vn 0.1537 -0.9755 -0.1573
vn 0.0596 -0.9740 -0.2186
vn 0.8139 0.3848 -0.4352
vn 0.8140 0.3848 -0.4352
vn -0.7868 -0.5991 0.1483
vn -0.7868 -0.5992 0.1484
vn -0.8150 -0.3546 -0.4583
vn -0.8150 -0.3546 -0.4584
vn 0.6370 0.4995 -0.5871
vn 0.6369 0.4996 -0.5871
vn 0.6369 0.4995 -0.5872
vn 0.4986 -0.5300 0.6859
vn -0.2495 -0.7432 0.6208
vn -0.2496 -0.7432 0.6207
vn -0.7399 -0.6044 0.2952
vn -0.7400 -0.6044 0.2952
vn 0.8182 -0.3147 0.4812
vn 0.8182 -0.3147 0.4811
vn -0.8598 0.1505 -0.4880
vn -0.8598 0.1505 -0.4879
vn -0.8598 0.1504 -0.4879
vn -0.6140 -0.7885 -0.0348
vn -0.6140 -0.7886 -0.0348
vn 0.7360 0.4308 0.5222
vn 0.7360 0.4307 0.5222
vn -0.4423 -0.6110 0.6566
vn 0.4141 0.4343 -0.7999
vn 0.4141 0.4344 -0.7999
vn 0.9078 0.4165 -0.0490
vn 0.8858 0.2422 0.3958
vn 0.8859 0.2422 0.3957
vn 0.1759 -0.3516 0.9195
vn -0.0751 0.2523 -0.9647
vn 0.2185 -0.4216 0.8801
vn 0.2186 -0.4215 0.8801
vn 0.7331 0.6774 0.0610
vn 0.7331 0.6774 0.0609
vn -0.2767 -0.7790 0.5627
vn -0.2767 -0.7790 0.5626
vn -0.6579 -0.4883 -0.5734
vn -0.6579 -0.4882 -0.5734
vn 0.2979 0.6668 -0.6831
vn 0.2976 0.6668 -0.6833
vn 0.2976 0.6667 -0.6833
vn 0.7217 0.6892 0.0643
vn 0.7217 0.6892 0.0642
vn 0.2083 -0.4125 0.8868
vn 0.2084 -0.4124 0.8868
vn -0.1165 0.3554 -0.9274
vn -0.1060 0.3460 -0.9322
vn -0.1060 0.3459 -0.9323
vn 0.7454 0.4215 0.5165
vn -0.6032 -0.7963 -0.0460
vn -0.6031 -0.7963 -0.0460
vn -0.2603 -0.7866 0.5599
vn -0.2602 -0.7866 0.5600
vn -0.2604 -0.7867 0.5597
vn -0.6471 -0.4965 -0.5786
vn -0.6471 -0.4965 -0.5785
vn 0.3058 0.6538 -0.6922
vn 0.3060 0.6540 -0.6919
vn 0.3058 0.6538 -0.6921
vn -0.3794 -0.1044 0.9193
vn -0.3794 -0.1043 0.9193
vn -0.2896 -0.5341 0.7943
vn -0.2896 -0.5340 0.7943
vn -0.4433 -0.5008 0.7434
vn -0.0061 -0.9949 -0.1006
vn -0.0061 -0.9949 -0.1005
vn 0.6148 0.3854 -0.6881
vn 0.6148 0.3855 -0.6880
vn 0.6298 0.3051 -0.7143
vn 0.6299 0.3050 -0.7143
vn -0.1522 0.9342 0.3226
vn -0.1522 0.9342 0.3227
vn -0.1523 0.9342 0.3227
vn 0.0491 0.9972 0.0571
vn 0.3276 0.1417 -0.9341
vn 0.0252 0.9441 -0.3287
vn 0.4569 0.1414 -0.8782
vn 0.4569 0.1415 -0.8782
vn 0.0898 0.9595 -0.2670
vn 0.3832 0.4855 -0.7858
vn 0.3832 0.4854 -0.7858
vn -0.2632 0.8209 0.5069
vn -0.2631 0.8210 0.5067
vn -0.2630 0.8210 0.5067
vn -0.0025 -0.9706 0.2407
vn 0.3315 -0.8136 -0.4777
vn 0.3316 -0.8136 -0.4777
vn 0.3235 0.0373 0.9455
vn 0.3235 0.0372 0.9455
vn 0.4075 -0.3951 0.8233
vn 0.4075 -0.3951 0.8234
vn 0.2549 0.4652 -0.8477
vn -0.1731 0.8327 0.5260
vn 0.1300 -0.9491 0.2870
vn 0.3212 -0.7973 -0.5110
vn 0.3212 -0.7973 -0.5109
vn -0.0546 -0.4979 0.8655
vn -0.1389 -0.0787 0.9872
vn -0.2458 0.9096 -0.3350
vn -0.2458 0.9096 -0.3349
vn -0.1379 0.0450 -0.9894
vn -0.1380 0.0452 -0.9894
vn -0.2186 0.3904 -0.8943
vn -0.2185 0.3903 -0.8944
vn -0.0278 0.8718 0.4890
vn 0.3901 -0.8874 0.2456
vn 0.3900 -0.8874 0.2456
vn 0.2011 -0.8254 -0.5276
vn 0.2011 -0.8254 -0.5275
vn -0.1724 0.6245 -0.7618
vn 0.8838 -0.1602 -0.4396
vn -0.7081 0.2296 -0.6677
vn -0.7082 0.2296 -0.6677
vn -0.8549 -0.0530 0.5161
vn -0.8549 -0.0529 0.5161
vn -0.6199 -0.1692 0.7663
vn -0.6199 -0.1692 0.7662
vn -0.6198 -0.1692 0.7663
vn 0.4072 -0.3891 0.8263
vn 0.4073 -0.3891 0.8263
vn 0.6631 0.3397 -0.6669
vn 0.6631 0.3398 -0.6669
vn 0.6631 0.3397 -0.6670
vn -0.4675 0.3037 -0.8302
vn -0.4674 0.3037 -0.8302
vn 0.6427 -0.7052 0.2994
vn 0.1366 -0.2016 0.9699
vn 0.1367 -0.2016 0.9699
vn 0.5636 0.2289 -0.7937
vn -0.5774 0.6890 -0.4380
vn 0.0819 -0.4542 0.8871
vn 0.7665 -0.5480 0.3348
vn -0.4943 -0.0760 0.8660
vn -0.4943 -0.0759 0.8660
vn -0.8211 0.3781 0.4275
vn -0.8211 0.3782 0.4275
vn -0.8211 0.3781 0.4276
vn -0.2242 0.2281 0.9475
vn -0.2241 0.2281 0.9475
vn -0.5778 0.7146 0.3944
vn -0.5778 0.7146 0.3943
vn -0.2235 0.4529 -0.8631
vn 0.5496 -0.4593 -0.6978
vn 0.4466 -0.3210 -0.8352
vn 0.4465 -0.3210 -0.8352
vn -0.5267 0.7432 -0.4126
vn 0.0631 -0.7476 -0.6612
vn 0.9185 0.3408 -0.2004
vn 0.9185 0.3407 -0.2004
vn 0.6660 0.2211 -0.7124
vn 0.6660 0.2210 -0.7125
vn 0.4424 0.6778 0.5873
vn 0.4424 0.6778 0.5872
vn 0.7683 0.4708 -0.4336
vn 0.7683 0.4709 -0.4336
vn -0.4415 -0.6978 -0.5640
vn -0.4416 -0.6978 -0.5640
vn -0.4416 -0.6978 -0.5639
vn -0.8911 -0.2643 0.3689
vn -0.1859 -0.6414 -0.7444
vn -0.1860 -0.6414 -0.7444
vn -0.1859 -0.6413 -0.7444
vn 0.8368 -0.2850 -0.4675
vn 0.9058 0.3674 -0.2110
vn 0.9058 0.3673 -0.2110
vn 0.8083 -0.2128 -0.5489
vn -0.6590 -0.6593 -0.3619
vn 0.0492 0.8838 0.4653
vn 0.5453 0.7987 0.2543
vn -0.8016 0.4376 0.4073
vn -0.9864 -0.1430 0.0809
vn -0.5531 -0.8064 -0.2091
vn -0.5532 -0.8064 -0.2090
vn -0.5529 -0.8066 -0.2092
vn 0.0315 0.9406 0.3381
vn 0.4828 0.8619 0.1551
vn 0.4827 0.8619 0.1552
vn -0.7986 0.4547 0.3943
vn -0.7987 0.4546 0.3943
vn -0.9624 -0.2106 0.1715
vn -0.9624 -0.2106 0.1716
vn 0.0868 -0.8840 -0.4594
vn -0.9793 0.1214 0.1618
vn -0.9793 0.1214 0.1619
vn -0.9793 0.1215 0.1618
vn -0.0584 -0.9521 0.3001
vn -0.0584 -0.9521 0.3000
vn -0.7505 -0.4212 0.5093
vn 0.2359 -0.9568 0.1701
vn 0.2360 -0.9568 0.1701
vn 0.2359 -0.9568 0.1702
vn -0.8699 -0.1348 0.4744
vn -0.8699 -0.1347 0.4744
vn 0.7668 -0.0612 -0.6389
vn 0.7668 -0.0613 -0.6389
vn 0.7676 -0.0607 -0.6381
vn -0.1905 0.9546 -0.2291
vn -0.1904 0.9546 -0.2292
vn -0.4109 0.9113 -0.0248
vn -0.4109 0.9113 -0.0249
vn -0.4110 0.9113 -0.0248
vn -0.0381 -0.9124 0.4075
vn 0.3976 -0.8440 0.3600
vn 0.3977 -0.8440 0.3600
vn -0.7759 -0.5379 0.3297
vn -0.5372 0.8268 -0.1668
vn 0.1446 0.9178 -0.3697
vn 0.7069 0.5797 -0.4052
vn 0.7070 0.5797 -0.4052
vn 0.9576 -0.2041 -0.2034
vn 0.9576 -0.2042 -0.2034
vn 0.9576 -0.2042 -0.2033
vn 0.4854 -0.8623 0.1444
vn 0.8161 0.5685 -0.1041
vn 0.8161 0.5684 -0.1041
vn 0.1771 0.8790 -0.4428
vn 0.1772 0.8790 -0.4428
vn -0.9784 0.1445 -0.1475
vn -0.9785 0.1445 -0.1475
vn -0.8122 -0.5448 0.2086
vn -0.4761 0.7562 -0.4490
vn 0.1622 0.8476 -0.5052
vn 0.1621 0.8476 -0.5052
vn 0.7277 0.5627 -0.3923
vn 0.7276 0.5627 -0.3923
vn 0.7277 0.5626 -0.3923
vn 0.9842 -0.1750 -0.0276
vn 0.9842 -0.1749 -0.0277
vn 0.9712 -0.0119 0.2379
vn 0.9712 -0.0121 0.2380
vn 0.9712 -0.0118 0.2379
vn 0.3576 -0.8046 0.4741
vn -0.0391 -0.9132 0.4057
vn -0.9024 0.1329 -0.4100
vn -0.7724 -0.6348 0.0207
vn -0.7724 -0.6348 0.0206
vn -0.4563 0.7018 -0.5470
vn -0.4564 0.7018 -0.5470
vn 0.5821 0.0268 0.8127
vn 0.1798 -0.8585 -0.4803
vn 0.6422 -0.5309 0.5529
vn 0.4884 -0.8707 0.0572
vn -0.1600 -0.5054 -0.8479
vn -0.4020 0.0437 -0.9146
vn -0.4021 0.0438 -0.9146
vn -0.4620 0.5877 -0.6642
vn -0.3162 0.9309 -0.1829
vn -0.0129 0.9347 0.3552
vn -0.0129 0.9347 0.3551
vn -0.1534 -0.5235 -0.8381
vn -0.3679 0.0348 -0.9292
vn -0.3679 0.0349 -0.9292
vn -0.4179 0.5811 -0.6983
vn -0.4179 0.5812 -0.6983
vn -0.2875 0.9309 -0.2252
vn -0.0147 0.9436 0.3307
vn -0.0148 0.9436 0.3307
vn 0.2970 0.5938 0.7478
vn 0.5202 0.0236 0.8537
vn 0.5723 -0.5415 0.6158
vn 0.4353 -0.8917 0.1245
vn 0.4353 -0.8916 0.1245
vn 0.1565 -0.8870 -0.4344
vn 0.1565 -0.8870 -0.4345
s 1
usemtl tree_wood
f 45//1 46//1 47//1
f 47//1 48//1 49//1
f 49//1 50//1 51//1
f 51//1 52//1 53//1
f 53//1 54//1 45//1
f 45//1 47//1 49//1
f 49//1 51//1 53//1
f 49//1 53//1 45//1
f 351//2 352//2 353//2
f 354//3 355//3 356//3
f 357//4 358//4 359//4
f 360//5 361//5 362//5
f 363//6 364//6 365//6
f 366//7 367//7 368//7
f 489//8 490//9 491//10
f 491//10 492//9 493//8
f 491//10 493//8 489//8
f 490//9 494//11 495//9
f 495//9 496//12 491//10
f 495//9 491//10 490//9
f 585//13 586//13 587//13
f 588//14 589//14 590//14
f 591//15 592//15 593//15
f 594//16 595//16 596//16
f 597//17 598//17 599//17
f 600//18 601//18 602//18
f 691//19 692//19 693//19
f 694//20 695//20 696//20
f 697//21 698//21 699//21
f 700//22 701//22 702//22
f 703//23 704//23 705//23
f 706//24 707//24 708//24
f 829//25 830//25 831//25
f 832//26 833//26 834//26
f 835//27 836//27 837//27
f 838//28 839//28 840//28
f 841//29 842//29 843//29
f 844//30 845//30 846//30
f 871//31 872//31 873//31
f 873//31 874//31 875//31
f 875//31 876//31 877//31
f 877//31 878//31 879//31
f 879//31 880//31 871//31
f 871//31 873//31 875//31
f 875//31 877//31 879//31
f 875//31 879//31 871//31
f 1//32 2//32 3//32
f 1//32 3//32 4//32
f 5//33 6//33 7//33
f 5//33 7//33 8//33
f 9//34 10//34 11//34
f 9//34 11//34 12//34
f 13//35 14//36 15//36
f 13//35 15//36 16//35
f 17//37 18//37 19//38
f 17//37 19//38 20//38
f 21//39 22//39 23//39
f 21//39 23//39 24//39
f 25//40 26//40 27//41
f 25//40 27//41 28//40
f 29//42 30//42 31//43
f 29//42 31//43 32//42
f 33//44 34//44 35//44
f 33//44 35//44 36//44
f 37//45 38//46 39//45
f 37//45 39//45 40//45
f 41//47 42//47 43//47
f 41//47 43//47 44//48
f 55//49 56//50 57//49
f 55//49 57//49 58//49
f 59//51 60//51 61//51
f 59//51 61//51 62//51
f 63//52 64//52 65//52
f 63//52 65//52 66//52
f 67//53 68//54 69//54
f 67//53 69//54 70//55
f 71//56 72//56 73//57
f 71//56 73//57 74//57
f 75//58 76//58 77//59
f 75//58 77//59 78//59
f 79//60 80//60 81//60
f 79//60 81//60 82//60
f 83//61 84//62 85//62
f 83//61 85//62 86//62
f 87//63 88//63 89//63
f 87//63 89//63 90//63
f 91//64 92//64 93//64
f 91//64 93//64 94//64
f 95//65 96//65 97//65
f 95//65 97//65 98//65
f 99//66 100//66 101//66
f 99//66 101//66 102//66
f 103//67 104//67 105//67
f 103//67 105//67 106//67
f 107//68 108//68 109//69
f 107//68 109//69 110//68
f 111//70 112//70 113//71
f 111//70 113//71 114//72
f 115//73 116//74 117//74
f 115//73 117//74 118//74
f 119//75 120//76 121//76
f 119//75 121//76 122//76
f 123//77 124//78 125//78
f 123//77 125//78 126//79
f 127//80 128//80 129//81
f 127//80 129//81 130//80
f 131//82 132//82 133//83
f 131//82 133//83 134//83
f 135//84 136//84 137//84
f 135//84 137//84 138//84
f 139//85 140//85 141//85
f 139//85 141//85 142//86
f 143//87 144//87 145//87
f 143//87 145//87 146//88
f 147//89 148//90 149//90
f 147//89 149//90 150//90
f 151//91 152//91 153//92
f 151//91 153//92 154//92
f 155//93 156//93 157//93
f 155//93 157//93 158//93
f 159//94 160//95 161//94
f 159//94 161//94 162//94
f 163//96 164//96 165//96
f 163//96 165//96 166//96
f 167//97 168//98 169//98
f 167//97 169//98 170//99
f 171//100 172//100 173//101
f 171//100 173//101 174//100
f 175//102 176//103 177//102
f 175//102 177//102 178//102
f 179//104 180//104 181//104
f 179//104 181//104 182//104
f 183//105 184//105 185//106
f 183//105 185//106 186//106
f 187//107 188//107 189//107
f 187//107 189//107 190//107
f 191//108 192//109 193//110
f 191//108 193//110 194//110
f 195//111 196//112 197//112
f 195//111 197//112 198//111
f 199//113 200//113 201//114
f 199//113 201//114 202//113
f 203//115 204//115 205//115
f 203//115 205//115 206//115
f 207//116 208//116 209//116
f 207//116 209//116 210//117
f 211//118 212//118 213//118
f 211//118 213//118 214//118
f 215//119 216//119 217//119
f 215//119 217//119 218//119
f 219//120 220//121 221//120
f 219//120 221//120 222//120
f 223//122 224//122 225//122
f 223//122 225//122 226//122
f 227//123 228//123 229//123
f 227//123 229//123 230//123
f 231//124 232//124 233//124
f 231//124 233//124 234//124
f 235//125 236//125 237//125
f 235//125 237//125 238//125
f 239//126 240//127 241//126
f 239//126 241//126 242//126
f 243//128 244//129 245//128
f 243//128 245//128 246//128
f 247//130 248//130 249//130
f 247//130 249//130 250//130
f 251//131 252//131 253//132
f 251//131 253//132 254//132
f 255//133 256//133 257//134
f 255//133 257//134 258//134
f 259//135 260//136 261//135
f 259//135 261//135 262//135
f 263//137 264//137 265//138
f 263//137 265//138 266//139
f 267//140 268//140 269//140
f 267//140 269//140 270//140
f 271//141 272//142 273//141
f 271//141 273//141 274//141
f 275//143 276//143 277//144
f 275//143 277//144 278//144
f 279//145 280//145 281//146
f 279//145 281//146 282//146
f 283//147 284//148 285//149
f 283//147 285//149 286//149
f 287//150 288//150 289//150
f 287//150 289//150 290//151
f 291//152 292//152 293//153
f 291//152 293//153 294//153
f 295//154 296//154 297//154
f 295//154 297//154 298//154
f 299//155 300//155 301//156
f 299//155 301//156 302//156
f 303//157 304//157 305//157
f 303//157 305//157 306//157
f 307//158 308//158 309//158
f 307//158 309//158 310//159
f 311//160 312//160 313//160
f 311//160 313//160 314//160
f 315//161 316//161 317//161
f 315//161 317//161 318//161
f 319//162 320//162 321//163
f 319//162 321//163 322//163
f 323//164 324//164 325//164
f 323//164 325//164 326//165
f 327//166 328//166 329//167
f 327//166 329//167 330//167
f 331//168 332//168 333//168
f 331//168 333//168 334//169
f 335//170 336//171 337//172
f 335//170 337//172 338//172
f 339//173 340//173 341//173
f 339//173 341//173 342//174
f 343//175 344//175 345//176
f 343//175 345//176 346//176
f 347//177 348//177 349//177
f 347//177 349//177 350//177
f 369//178 370//178 371//179
f 369//178 371//179 372//179
f 373//180 374//180 375//180
f 373//180 375//180 376//180
f 377//181 378//181 379//182
f 377//181 379//182 380//182
f 381//183 382//183 383//184
f 381//183 383//184 384//185
f 385//186 386//186 387//187
f 385//186 387//187 388//187
f 389//188 390//188 391//189
f 389//188 391//189 392//190
f 393//191 394//191 395//192
f 393//191 395//192 396//192
f 397//193 398//194 399//193
f 397//193 399//193 400//193
f 401//195 402//195 403//195
f 401//195 403//195 404//195
f 405//196 406//196 407//197
f 405//196 407//197 408//197
f 409//198 410//198 411//199
f 409//198 411//199 412//199
f 413//200 414//200 415//201
f 413//200 415//201 416//201
f 417//202 418//203 419//204
f 417//202 419//204 420//204
f 421//205 422//205 423//205
f 421//205 423//205 424//205
f 425//206 426//206 427//206
f 425//206 427//206 428//206
f 429//207 430//207 431//207
f 429//207 431//207 432//207
f 433//208 434//209 435//209
f 433//208 435//209 436//209
f 437//210 438//210 439//210
f 437//210 439//210 440//210
f 441//211 442//212 443//212
f 441//211 443//212 444//212
f 445//213 446//214 447//214
f 445//213 447//214 448//215
f 449//216 450//216 451//216
f 449//216 451//216 452//216
f 453//217 454//217 455//218
f 453//217 455//218 456//217
f 457//219 458//219 459//220
f 457//219 459//220 460//220
f 461//221 462//221 463//222
f 461//221 463//222 464//222
f 465//223 466//223 467//223
f 465//223 467//223 468//223
f 469//224 470//224 471//224
f 469//224 471//224 472//224
f 473//225 474//225 475//225
f 473//225 475//225 476//225
f 477//226 478//227 479//226
f 477//226 479//226 480//226
f 481//228 482//228 483//228
f 481//228 483//228 484//228
f 485//229 486//229 487//229
f 485//229 487//229 488//229
f 497//230 498//230 499//231
f 497//230 499//231 500//231
f 501//232 502//232 503//233
f 501//232 503//233 504//233
f 505//234 506//234 507//235
f 505//234 507//235 508//235
f 509//236 510//236 511//236
f 509//236 511//236 512//236
f 513//237 514//237 515//238
f 513//237 515//238 516//238
f 517//239 518//239 519//240
f 517//239 519//240 520//240
f 521//241 522//241 523//241
f 521//241 523//241 524//241
f 525//242 526//242 527//242
f 525//242 527//242 528//242
f 529//243 530//243 531//244
f 529//243 531//244 532//244
f 533//245 534//245 535//246
f 533//245 535//246 536//245
f 537//247 538//248 539//247
f 537//247 539//247 540//249
f 541//250 542//251 543//250
f 541//250 543//250 544//250
f 545//252 546//253 547//254
f 545//252 547//254 548//254
f 549//255 550//255 551//256
f 549//255 551//256 552//256
f 553//257 554//257 555//257
f 553//257 555//257 556//257
f 557//258 558//258 559//259
f 557//258 559//259 560//259
f 561//260 562//260 563//260
f 561//260 563//260 564//260
f 565//261 566//261 567//261
f 565//261 567//261 568//261
f 569//262 570//262 571//262
f 569//262 571//262 572//262
f 573//263 574//263 575//263
f 573//263 575//263 576//263
f 577//264 578//264 579//265
f 577//264 579//265 580//265
f 581//266 582//267 583//268
f 581//266 583//268 584//268
f 603//269 604//269 605//270
f 603//269 605//270 606//270
f 607//271 608//271 609//272
f 607//271 609//272 610//272
f 611//273 612//273 613//273
f 611//273 613//273 614//273
f 615//274 616//274 617//274
f 615//274 617//274 618//274
f 619//275 620//275 621//276
f 619//275 621//276 622//276
f 623//277 624//277 625//277
f 623//277 625//277 626//277
f 627//278 628//278 629//278
f 627//278 629//278 630//278
f 631//279 632//280 633//279
f 631//279 633//279 634//279
f 635//281 636//281 637//282
f 635//281 637//282 638//282
f 639//283 640//283 641//284
f 639//283 641//284 642//283
f 643//285 644//285 645//286
f 643//285 645//286 646//286
f 647//287 648//287 649//288
f 647//287 649//288 650//289
f 651//290 652//290 653//290
f 651//290 653//290 654//290
f 655//291 656//292 657//293
f 655//291 657//293 658//293
f 659//294 660//294 661//294
f 659//294 661//294 662//294
f 663//295 664//295 665//296
f 663//295 665//296 666//296
f 667//297 668//297 669//297
f 667//297 669//297 670//297
f 671//298 672//298 673//298
f 671//298 673//298 674//298
f 675//299 676//299 677//299
f 675//299 677//299 678//299
f 679//300 680//300 681//300
f 679//300 681//300 682//300
f 683//301 684//301 685//301
f 683//301 685//301 686//301
f 687//302 688//302 689//302
f 687//302 689//302 690//302
f 709//303 710//303 711//304
f 709//303 711//304 712//305
f 713//306 714//306 715//306
f 713//306 715//306 716//306
f 717//307 718//307 719//308
f 717//307 719//308 720//308
f 721//309 722//309 723//310
f 721//309 723//310 724//310
f 725//311 726//311 727//312
f 725//311 727//312 728//312
f 729//313 730//313 731//313
f 729//313 731//313 732//313
f 733//314 734//315 735//314
f 733//314 735//314 736//316
f 737//317 738//318 739//317
f 737//317 739//317 740//318
f 741//319 742//319 743//319
f 741//319 743//319 744//319
f 745//320 746//321 747//322
f 745//320 747//322 748//322
f 749//323 750//323 751//324
f 749//323 751//324 752//324
f 753//325 754//326 755//327
f 753//325 755//327 756//326
f 757//328 758//328 759//329
f 757//328 759//329 760//328
f 761//330 762//331 763//332
f 761//330 763//332 764//332
f 765//333 766//333 767//333
f 765//333 767//333 768//333
f 769//334 770//334 771//335
f 769//334 771//335 772//335
f 773//336 774//336 775//336
f 773//336 775//336 776//336
f 777//337 778//337 779//337
f 777//337 779//337 780//337
f 781//338 782//338 783//338
f 781//338 783//338 784//338
f 785//339 786//339 787//340
f 785//339 787//340 788//339
f 789//341 790//341 791//342
f 789//341 791//342 792//343
f 793//344 794//344 795//344
f 793//344 795//344 796//344
f 797//345 798//345 799//346
f 797//345 799//346 800//346
f 801//347 802//347 803//348
f 801//347 803//348 804//348
f 805//349 806//349 807//350
f 805//349 807//350 808//350
f 809//351 810//351 811//351
f 809//351 811//351 812//351
f 813//352 814//352 815//352
f 813//352 815//352 816//352
f 817//353 818//353 819//354
f 817//353 819//354 820//354
f 821//355 822//356 823//357
f 821//355 823//357 824//357
f 825//358 826//358 827//359
f 825//358 827//359 828//359
f 847//360 848//360 849//361
f 847//360 849//361 850//362
f 851//363 852//363 853//363
f 851//363 853//363 854//363
f 855//364 856//364 857//364
f 855//364 857//364 858//364
f 859//365 860//365 861//365
f 859//365 861//365 862//365
f 863//366 864//366 865//367
f 863//366 865//367 866//367
f 867//368 868//368 869//369
f 867//368 869//369 870//369
f 881//370 882//370 883//370
f 881//370 883//370 884//370
f 885//371 886//371 887//371
f 885//371 887//371 888//371
f 889//372 890//372 891//372
f 889//372 891//372 892//372
f 893//373 894//373 895//373
f 893//373 895//373 896//373
f 897//374 898//374 899//374
f 897//374 899//374 900//374
f 901//375 902//375 903//376
f 901//375 903//376 904//376
f 905//377 906//377 907//377
f 905//377 907//377 908//377
f 909//378 910//378 911//378
f 909//378 911//378 912//378
f 913//379 914//379 915//380
f 913//379 915//380 916//380
f 917//381 918//381 919//381
f 917//381 919//381 920//381
f 921//382 922//383 923//383
f 921//382 923//383 924//382
f 925//384 926//385 927//384
f 925//384 927//384 928//384
f 929//386 930//386 931//386
f 929//386 931//386 932//386
f 933//387 934//387 935//388
f 933//387 935//388 936//388
f 937//389 938//389 939//389
f 937//389 939//389 940//389
f 941//390 942//390 943//390
f 941//390 943//390 944//390
f 945//391 946//391 947//391
f 945//391 947//391 948//391
f 949//392 950//392 951//392
f 949//392 951//392 952//393
f 953//394 954//395 955//394
f 953//394 955//394 956//394
o Icosphere001_0
v 1.296592 0.028249 -2.222951
v 1.845399 1.006386 -1.930673
v 1.329279 0.713038 -2.578393
v 2.266080 0.846638 -2.039519
v 1.845399 1.006386 -1.930673
v 2.697982 0.303788 -1.685123
v 1.296592 0.028249 -2.222951
v 1.329279 0.713038 -2.578393
v 1.353876 0.013685 -3.310258
v 1.296592 0.028249 -2.222951
v 1.353876 0.013685 -3.310258
v 1.808186 -0.461352 -2.920641
v 1.296592 0.028249 -2.222951
v 1.808186 -0.461352 -2.920641
v 2.008785 -0.055260 -1.974159
v 2.266080 0.846638 -2.039519
v 2.697982 0.303788 -1.685123
v 3.026228 0.659256 -1.659152
v 1.391382 1.383058 -2.846642
v 1.882028 1.338039 -2.225195
v 1.851493 1.735751 -2.547759
v 1.155761 0.362102 -3.620543
v 1.447310 0.784630 -3.244720
v 1.661373 0.921528 -3.514717
v 1.839111 -0.396408 -3.082722
v 1.656757 -0.119281 -3.475593
v 1.903723 -0.276373 -3.614894
v 2.678392 -0.357825 -2.022799
v 2.198576 -0.522491 -2.853586
v 2.753450 -0.401691 -2.628170
v 2.266080 0.846638 -2.039519
v 3.026228 0.659256 -1.659152
v 2.498239 1.308976 -2.147055
v 1.391382 1.383058 -2.846642
v 1.851493 1.735751 -2.547759
v 1.630126 1.244873 -3.146272
v 1.155761 0.362102 -3.620543
v 1.661373 0.921528 -3.514717
v 1.571063 0.239371 -3.754078
v 1.839111 -0.396408 -3.082722
v 1.903723 -0.276373 -3.614894
v 2.297533 -0.345118 -3.159517
v 2.678392 -0.357825 -2.022799
v 2.753450 -0.401691 -2.628170
v 2.813099 0.146687 -2.230832
v 2.359085 1.372187 -2.501492
v 2.798137 0.873514 -2.610843
v 2.690463 1.034641 -3.121962
v 1.839436 1.396062 -3.504169
v 2.242229 1.189047 -3.164671
v 2.438040 0.943997 -3.555546
v 1.980151 0.014732 -3.889192
v 2.050224 0.634066 -3.749957
v 2.312076 0.250985 -3.772302
v 2.784970 -0.209294 -3.135732
v 2.426886 0.045900 -3.394964
v 2.712034 0.384159 -3.300931
v 2.952145 0.360331 -2.271034
v 2.823537 0.179663 -2.759355
v 2.757339 0.522914 -2.990764
v 2.757339 0.522914 -2.990764
v 2.712034 0.384159 -3.300931
v 2.786226 0.679969 -3.420150
v 2.757339 0.522914 -2.990764
v 2.823537 0.179663 -2.759355
v 2.712034 0.384159 -3.300931
v 2.823537 0.179663 -2.759355
v 2.784970 -0.209294 -3.135732
v 2.712034 0.384159 -3.300931
v 2.712034 0.384159 -3.300931
v 2.312076 0.250985 -3.772302
v 2.786226 0.679969 -3.420150
v 2.712034 0.384159 -3.300931
v 2.426886 0.045900 -3.394964
v 2.312076 0.250985 -3.772302
v 2.426886 0.045900 -3.394964
v 1.980151 0.014732 -3.889192
v 2.312076 0.250985 -3.772302
v 2.312076 0.250985 -3.772302
v 2.438040 0.943997 -3.555546
v 2.786226 0.679969 -3.420150
v 2.312076 0.250985 -3.772302
v 2.050224 0.634066 -3.749957
v 2.438040 0.943997 -3.555546
v 2.050224 0.634066 -3.749957
v 1.839436 1.396062 -3.504169
v 2.438040 0.943997 -3.555546
v 2.438040 0.943997 -3.555546
v 2.690463 1.034641 -3.121962
v 2.786226 0.679969 -3.420150
v 2.438040 0.943997 -3.555546
v 2.242229 1.189047 -3.164671
v 2.690463 1.034641 -3.121962
v 2.242229 1.189047 -3.164671
v 2.359085 1.372187 -2.501492
v 2.690463 1.034641 -3.121962
v 2.690463 1.034641 -3.121962
v 2.757339 0.522914 -2.990764
v 2.786226 0.679969 -3.420150
v 2.690463 1.034641 -3.121962
v 2.798137 0.873514 -2.610843
v 2.757339 0.522914 -2.990764
v 2.798137 0.873514 -2.610843
v 2.952145 0.360331 -2.271034
v 2.757339 0.522914 -2.990764
v 2.813099 0.146687 -2.230832
v 2.823537 0.179663 -2.759355
v 2.952145 0.360331 -2.271034
v 2.813099 0.146687 -2.230832
v 2.753450 -0.401691 -2.628170
v 2.823537 0.179663 -2.759355
v 2.753450 -0.401691 -2.628170
v 2.784970 -0.209294 -3.135732
v 2.823537 0.179663 -2.759355
v 2.297533 -0.345118 -3.159517
v 2.426886 0.045900 -3.394964
v 2.784970 -0.209294 -3.135732
v 2.297533 -0.345118 -3.159517
v 1.903723 -0.276373 -3.614894
v 2.426886 0.045900 -3.394964
v 1.903723 -0.276373 -3.614894
v 1.980151 0.014732 -3.889192
v 2.426886 0.045900 -3.394964
v 1.571063 0.239371 -3.754078
v 2.050224 0.634066 -3.749957
v 1.980151 0.014732 -3.889192
v 1.571063 0.239371 -3.754078
v 1.661373 0.921528 -3.514717
v 2.050224 0.634066 -3.749957
v 1.661373 0.921528 -3.514717
v 1.839436 1.396062 -3.504169
v 2.050224 0.634066 -3.749957
v 1.630126 1.244873 -3.146272
v 2.242229 1.189047 -3.164671
v 1.839436 1.396062 -3.504169
v 1.630126 1.244873 -3.146272
v 1.851493 1.735751 -2.547759
v 2.242229 1.189047 -3.164671
v 1.851493 1.735751 -2.547759
v 2.359085 1.372187 -2.501492
v 2.242229 1.189047 -3.164671
v 2.498239 1.308976 -2.147055
v 2.798137 0.873514 -2.610843
v 2.359085 1.372187 -2.501492
v 2.498239 1.308976 -2.147055
v 3.026228 0.659256 -1.659152
v 2.798137 0.873514 -2.610843
v 3.026228 0.659256 -1.659152
v 2.952145 0.360331 -2.271034
v 2.798137 0.873514 -2.610843
v 2.753450 -0.401691 -2.628170
v 2.297533 -0.345118 -3.159517
v 2.784970 -0.209294 -3.135732
v 2.753450 -0.401691 -2.628170
v 2.198576 -0.522491 -2.853586
v 2.297533 -0.345118 -3.159517
v 2.198576 -0.522491 -2.853586
v 1.839111 -0.396408 -3.082722
v 2.297533 -0.345118 -3.159517
v 1.903723 -0.276373 -3.614894
v 1.571063 0.239371 -3.754078
v 1.980151 0.014732 -3.889192
v 1.903723 -0.276373 -3.614894
v 1.656757 -0.119281 -3.475593
v 1.571063 0.239371 -3.754078
v 1.656757 -0.119281 -3.475593
v 1.155761 0.362102 -3.620543
v 1.571063 0.239371 -3.754078
v 1.661373 0.921528 -3.514717
v 1.630126 1.244873 -3.146272
v 1.839436 1.396062 -3.504169
v 1.661373 0.921528 -3.514717
v 1.447310 0.784630 -3.244720
v 1.630126 1.244873 -3.146272
v 1.447310 0.784630 -3.244720
v 1.391382 1.383058 -2.846642
v 1.630126 1.244873 -3.146272
v 1.851493 1.735751 -2.547759
v 2.498239 1.308976 -2.147055
v 2.359085 1.372187 -2.501492
v 1.851493 1.735751 -2.547759
v 1.882028 1.338039 -2.225195
v 2.498239 1.308976 -2.147055
v 1.882028 1.338039 -2.225195
v 2.266080 0.846638 -2.039519
v 2.498239 1.308976 -2.147055
v 3.026228 0.659256 -1.659152
v 2.813099 0.146687 -2.230832
v 2.952145 0.360331 -2.271034
v 3.026228 0.659256 -1.659152
v 2.697982 0.303788 -1.685123
v 2.813099 0.146687 -2.230832
v 2.697982 0.303788 -1.685123
v 2.678392 -0.357825 -2.022799
v 2.813099 0.146687 -2.230832
v 2.008785 -0.055260 -1.974159
v 2.198576 -0.522491 -2.853586
v 2.678392 -0.357825 -2.022799
v 2.008785 -0.055260 -1.974159
v 1.808186 -0.461352 -2.920641
v 2.198576 -0.522491 -2.853586
v 1.808186 -0.461352 -2.920641
v 1.839111 -0.396408 -3.082722
v 2.198576 -0.522491 -2.853586
v 1.808186 -0.461352 -2.920641
v 1.656757 -0.119281 -3.475593
v 1.839111 -0.396408 -3.082722
v 1.808186 -0.461352 -2.920641
v 1.353876 0.013685 -3.310258
v 1.656757 -0.119281 -3.475593
v 1.353876 0.013685 -3.310258
v 1.155761 0.362102 -3.620543
v 1.656757 -0.119281 -3.475593
v 1.353876 0.013685 -3.310258
v 1.447310 0.784630 -3.244720
v 1.155761 0.362102 -3.620543
v 1.353876 0.013685 -3.310258
v 1.329279 0.713038 -2.578393
v 1.447310 0.784630 -3.244720
v 1.329279 0.713038 -2.578393
v 1.391382 1.383058 -2.846642
v 1.447310 0.784630 -3.244720
v 2.697982 0.303788 -1.685123
v 2.008785 -0.055260 -1.974159
v 2.678392 -0.357825 -2.022799
v 2.697982 0.303788 -1.685123
v 1.845399 1.006386 -1.930673
v 2.008785 -0.055260 -1.974159
v 1.845399 1.006386 -1.930673
v 1.296592 0.028249 -2.222951
v 2.008785 -0.055260 -1.974159
v 1.329279 0.713038 -2.578393
v 1.882028 1.338039 -2.225195
v 1.391382 1.383058 -2.846642
v 1.329279 0.713038 -2.578393
v 1.845399 1.006386 -1.930673
v 1.882028 1.338039 -2.225195
v 1.845399 1.006386 -1.930673
v 2.266080 0.846638 -2.039519
v 1.882028 1.338039 -2.225195
vn -0.8075 0.3016 0.5069
vn 0.4163 0.7056 0.5734
vn -0.9984 0.0202 -0.0529
vn -0.7108 -0.7028 -0.0280
vn -0.2508 -0.8692 0.4261
vn -0.3734 0.2802 0.8843
vn -0.6981 0.4180 0.5814
vn -0.7040 0.6769 -0.2149
vn -0.6147 -0.7501 -0.2438
vn 0.1757 -0.9801 0.0928
vn -0.3405 0.3718 0.8636
vn -0.2437 0.7922 -0.5595
vn -0.1924 0.3475 -0.9177
vn 0.0737 -0.9747 -0.2109
vn 0.9698 -0.2033 0.1350
vn 0.7548 0.6542 0.0472
vn 0.5786 0.7894 -0.2051
vn 0.2007 0.1932 -0.9604
vn 0.4912 -0.1770 -0.8528
vn 0.9659 0.0118 -0.2588
vn 0.9669 -0.2537 -0.0277
vn 0.9819 0.0712 -0.1753
vn 0.9819 0.0720 -0.1750
vn 0.7515 -0.3999 -0.5247
vn 0.7307 -0.4814 -0.4840
vn 0.6102 -0.6033 -0.5135
vn 0.4739 0.1833 -0.8613
vn 0.2738 0.2414 -0.9310
vn 0.1834 0.3474 -0.9196
vn 0.6390 0.5888 -0.4951
vn 0.3337 0.8649 -0.3751
vn 0.3360 0.8910 -0.3053
vn 0.9793 0.1599 0.1244
vn 0.9801 0.0818 -0.1807
vn 0.9635 0.1370 -0.2299
vn 0.8365 -0.5477 -0.0177
vn 0.9931 -0.1169 0.0123
vn 0.9931 -0.1157 0.0178
vn 0.1935 -0.5523 -0.8109
vn 0.5883 -0.5510 -0.5919
vn 0.5968 -0.6277 -0.4999
vn -0.1858 0.2355 -0.9540
vn -0.2812 0.3507 -0.8933
vn -0.4120 0.1745 -0.8943
vn 0.0948 0.8960 0.4339
vn 0.0502 0.7630 -0.6444
vn 0.5721 0.7592 -0.3105
vn 0.7223 0.6719 -0.1638
vn 0.7945 0.6049 -0.0542
vn 0.9674 0.1608 -0.1957
vn 0.2684 -0.9062 -0.3268
vn 0.3431 -0.8565 -0.3856
vn 0.0135 -0.8669 -0.4983
vn -0.5103 -0.5150 -0.6887
vn -0.6476 -0.5578 -0.5191
vn -0.4002 -0.6198 -0.6751
vn -0.8683 0.3340 -0.3667
vn -0.8042 0.4112 -0.4291
vn -0.6227 0.3922 -0.6771
vn 0.5853 0.8062 -0.0860
vn -0.0691 0.6252 0.7774
vn -0.1081 0.2764 0.9550
vn 0.8412 -0.5190 0.1517
vn 0.6809 -0.6530 0.3316
vn 0.9569 -0.1540 0.2462
vn -0.3586 -0.8542 0.3764
vn -0.2107 -0.8814 0.4228
vn -0.0782 -0.9202 -0.3836
vn -0.3856 -0.8287 -0.4056
vn -0.5267 -0.7803 -0.3373
vn -0.5517 -0.7073 -0.4419
vn -0.8155 0.0498 0.5766
vn -0.9784 0.1321 -0.1591
vn -0.9848 0.0224 -0.1720
vn -0.1378 -0.4470 0.8838
vn -0.3443 -0.0913 0.9344
vn -0.3379 -0.0904 0.9368
vn -0.7353 0.3095 0.6029
vn -0.7847 0.4578 0.4179
vn 0.4037 0.5822 0.7058
s 1
usemtl leaf_green.004
f 957//396 958//396 959//396
f 960//397 961//397 962//397
f 963//398 964//398 965//398
f 966//399 967//399 968//399
f 969//400 970//400 971//400
f 972//401 973//401 974//401
f 975//402 976//402 977//402
f 978//403 979//403 980//403
f 981//404 982//404 983//404
f 984//405 985//405 986//405
f 987//406 988//406 989//406
f 990//407 991//407 992//407
f 993//408 994//408 995//408
f 996//409 997//409 998//409
f 999//410 1000//410 1001//410
f 1002//411 1003//411 1004//411
f 1005//412 1006//412 1007//412
f 1008//413 1009//413 1010//413
f 1011//414 1012//414 1013//414
f 1014//415 1015//415 1016//415
f 1017//416 1018//416 1019//416
f 1020//417 1021//417 1022//417
f 1023//418 1024//418 1025//418
f 1026//419 1027//419 1028//419
f 1029//420 1030//420 1031//420
f 1032//421 1033//421 1034//421
f 1035//422 1036//422 1037//422
f 1038//423 1039//423 1040//423
f 1041//424 1042//424 1043//424
f 1044//425 1045//425 1046//425
f 1047//426 1048//426 1049//426
f 1050//427 1051//427 1052//427
f 1053//428 1054//428 1055//428
f 1056//429 1057//429 1058//429
f 1059//430 1060//430 1061//430
f 1062//431 1063//431 1064//431
f 1065//432 1066//432 1067//432
f 1068//433 1069//433 1070//433
f 1071//434 1072//434 1073//434
f 1074//435 1075//435 1076//435
f 1077//436 1078//436 1079//436
f 1080//437 1081//437 1082//437
f 1083//438 1084//438 1085//438
f 1086//439 1087//439 1088//439
f 1089//440 1090//440 1091//440
f 1092//441 1093//441 1094//441
f 1095//442 1096//442 1097//442
f 1098//443 1099//443 1100//443
f 1101//444 1102//444 1103//444
f 1104//445 1105//445 1106//445
f 1107//446 1108//446 1109//446
f 1110//447 1111//447 1112//447
f 1113//448 1114//448 1115//448
f 1116//449 1117//449 1118//449
f 1119//450 1120//450 1121//450
f 1122//451 1123//451 1124//451
f 1125//452 1126//452 1127//452
f 1128//453 1129//453 1130//453
f 1131//454 1132//454 1133//454
f 1134//455 1135//455 1136//455
f 1137//456 1138//456 1139//456
f 1140//457 1141//457 1142//457
f 1143//458 1144//458 1145//458
f 1146//459 1147//459 1148//459
f 1149//460 1150//460 1151//460
f 1152//461 1153//461 1154//461
f 1155//462 1156//462 1157//462
f 1158//463 1159//463 1160//463
f 1161//464 1162//464 1163//464
f 1164//465 1165//465 1166//465
f 1167//466 1168//466 1169//466
f 1170//467 1171//467 1172//467
f 1173//468 1174//468 1175//468
f 1176//469 1177//469 1178//469
f 1179//470 1180//470 1181//470
f 1182//471 1183//471 1184//471
f 1185//472 1186//472 1187//472
f 1188//473 1189//473 1190//473
f 1191//474 1192//474 1193//474
f 1194//475 1195//475 1196//475
o Icosphere002_0
v 0.615556 2.164997 -1.614880
v 1.062993 2.804119 -1.325192
v 0.516579 2.796304 -1.908187
v 1.531011 2.953991 -1.665157
v 1.062993 2.804119 -1.325192
v 1.591882 2.272635 -1.322423
v 0.615556 2.164997 -1.614880
v 0.516579 2.796304 -1.908187
v 0.387519 2.040988 -2.459672
v 0.615556 2.164997 -1.614880
v 0.387519 2.040988 -2.459672
v 0.945312 1.720706 -2.139822
v 0.615556 2.164997 -1.614880
v 0.945312 1.720706 -2.139822
v 1.514572 1.983710 -1.414587
v 1.531011 2.953991 -1.665157
v 1.591882 2.272635 -1.322423
v 2.034587 2.624748 -1.628634
v 0.916797 3.331736 -2.279853
v 1.274341 3.156763 -1.877259
v 1.366761 3.201730 -2.158889
v 0.631174 2.522662 -2.964165
v 0.671242 2.992876 -2.709038
v 0.929220 3.157858 -3.034430
v 1.245655 1.585719 -2.539388
v 0.990820 1.974457 -2.911792
v 1.350921 1.881985 -2.925884
v 1.912866 1.884627 -1.637177
v 1.553185 1.629435 -2.220435
v 1.895952 1.997270 -2.176552
v 1.531011 2.953991 -1.665157
v 2.034587 2.624748 -1.628634
v 1.679858 2.987231 -1.904173
v 0.916797 3.331736 -2.279853
v 1.366761 3.201730 -2.158889
v 1.105402 3.222568 -2.516559
v 0.631174 2.522662 -2.964165
v 0.929220 3.157858 -3.034430
v 0.943628 2.376293 -3.174911
v 1.245655 1.585719 -2.539388
v 1.350921 1.881985 -2.925884
v 1.685862 1.716370 -2.569062
v 1.912866 1.884627 -1.637177
v 1.895952 1.997270 -2.176552
v 2.060283 2.259267 -1.805075
v 1.690171 3.030140 -2.242027
v 2.089838 2.976869 -2.067407
v 1.943062 3.056488 -2.497355
v 1.238373 3.440966 -2.860804
v 1.526558 3.585768 -2.466667
v 1.865234 3.184942 -3.083637
v 1.356459 2.149599 -3.311259
v 1.412612 2.782035 -3.205904
v 1.644139 2.437404 -3.011115
v 2.078143 2.015181 -2.533583
v 1.816390 2.151531 -2.825357
v 2.022296 2.409739 -2.621439
v 2.165962 2.521847 -1.890354
v 2.234068 2.259763 -2.256424
v 2.140759 2.662430 -2.404608
v 2.140759 2.662430 -2.404608
v 2.022296 2.409739 -2.621439
v 2.099350 2.790482 -2.778940
v 2.140759 2.662430 -2.404608
v 2.234068 2.259763 -2.256424
v 2.022296 2.409739 -2.621439
v 2.234068 2.259763 -2.256424
v 2.078143 2.015181 -2.533583
v 2.022296 2.409739 -2.621439
v 2.022296 2.409739 -2.621439
v 1.644139 2.437404 -3.011115
v 2.099350 2.790482 -2.778940
v 2.022296 2.409739 -2.621439
v 1.816390 2.151531 -2.825357
v 1.644139 2.437404 -3.011115
v 1.816390 2.151531 -2.825357
v 1.356459 2.149599 -3.311259
v 1.644139 2.437404 -3.011115
v 1.644139 2.437404 -3.011115
v 1.865234 3.184942 -3.083637
v 2.099350 2.790482 -2.778940
v 1.644139 2.437404 -3.011115
v 1.412612 2.782035 -3.205904
v 1.865234 3.184942 -3.083637
v 1.412612 2.782035 -3.205904
v 1.238373 3.440966 -2.860804
v 1.865234 3.184942 -3.083637
v 1.865234 3.184942 -3.083637
v 1.943062 3.056488 -2.497355
v 2.099350 2.790482 -2.778940
v 1.865234 3.184942 -3.083637
v 1.526558 3.585768 -2.466667
v 1.943062 3.056488 -2.497355
v 1.526558 3.585768 -2.466667
v 1.690171 3.030140 -2.242027
v 1.943062 3.056488 -2.497355
v 1.943062 3.056488 -2.497355
v 2.140759 2.662430 -2.404608
v 2.099350 2.790482 -2.778940
v 1.943062 3.056488 -2.497355
v 2.089838 2.976869 -2.067407
v 2.140759 2.662430 -2.404608
v 2.089838 2.976869 -2.067407
v 2.165962 2.521847 -1.890354
v 2.140759 2.662430 -2.404608
v 2.060283 2.259267 -1.805075
v 2.234068 2.259763 -2.256424
v 2.165962 2.521847 -1.890354
v 2.060283 2.259267 -1.805075
v 1.895952 1.997270 -2.176552
v 2.234068 2.259763 -2.256424
v 1.895952 1.997270 -2.176552
v 2.078143 2.015181 -2.533583
v 2.234068 2.259763 -2.256424
v 1.685862 1.716370 -2.569062
v 1.816390 2.151531 -2.825357
v 2.078143 2.015181 -2.533583
v 1.685862 1.716370 -2.569062
v 1.350921 1.881985 -2.925884
v 1.816390 2.151531 -2.825357
v 1.350921 1.881985 -2.925884
v 1.356459 2.149599 -3.311259
v 1.816390 2.151531 -2.825357
v 0.943628 2.376293 -3.174911
v 1.412612 2.782035 -3.205904
v 1.356459 2.149599 -3.311259
v 0.943628 2.376293 -3.174911
v 0.929220 3.157858 -3.034430
v 1.412612 2.782035 -3.205904
v 0.929220 3.157858 -3.034430
v 1.238373 3.440966 -2.860804
v 1.412612 2.782035 -3.205904
v 1.105402 3.222568 -2.516559
v 1.526558 3.585768 -2.466667
v 1.238373 3.440966 -2.860804
v 1.105402 3.222568 -2.516559
v 1.366761 3.201730 -2.158889
v 1.526558 3.585768 -2.466667
v 1.366761 3.201730 -2.158889
v 1.690171 3.030140 -2.242027
v 1.526558 3.585768 -2.466667
v 1.679858 2.987231 -1.904173
v 2.089838 2.976869 -2.067407
v 1.690171 3.030140 -2.242027
v 1.679858 2.987231 -1.904173
v 2.034587 2.624748 -1.628634
v 2.089838 2.976869 -2.067407
v 2.034587 2.624748 -1.628634
v 2.165962 2.521847 -1.890354
v 2.089838 2.976869 -2.067407
v 1.895952 1.997270 -2.176552
v 1.685862 1.716370 -2.569062
v 2.078143 2.015181 -2.533583
v 1.895952 1.997270 -2.176552
v 1.553185 1.629435 -2.220435
v 1.685862 1.716370 -2.569062
v 1.553185 1.629435 -2.220435
v 1.245655 1.585719 -2.539388
v 1.685862 1.716370 -2.569062
v 1.350921 1.881985 -2.925884
v 0.943628 2.376293 -3.174911
v 1.356459 2.149599 -3.311259
v 1.350921 1.881985 -2.925884
v 0.990820 1.974457 -2.911792
v 0.943628 2.376293 -3.174911
v 0.990820 1.974457 -2.911792
v 0.631174 2.522662 -2.964165
v 0.943628 2.376293 -3.174911
v 0.929220 3.157858 -3.034430
v 1.105402 3.222568 -2.516559
v 1.238373 3.440966 -2.860804
v 0.929220 3.157858 -3.034430
v 0.671242 2.992876 -2.709038
v 1.105402 3.222568 -2.516559
v 0.671242 2.992876 -2.709038
v 0.916797 3.331736 -2.279853
v 1.105402 3.222568 -2.516559
v 1.366761 3.201730 -2.158889
v 1.679858 2.987231 -1.904173
v 1.690171 3.030140 -2.242027
v 1.366761 3.201730 -2.158889
v 1.274341 3.156763 -1.877259
v 1.679858 2.987231 -1.904173
v 1.274341 3.156763 -1.877259
v 1.531011 2.953991 -1.665157
v 1.679858 2.987231 -1.904173
v 2.034587 2.624748 -1.628634
v 2.060283 2.259267 -1.805075
v 2.165962 2.521847 -1.890354
v 2.034587 2.624748 -1.628634
v 1.591882 2.272635 -1.322423
v 2.060283 2.259267 -1.805075
v 1.591882 2.272635 -1.322423
v 1.912866 1.884627 -1.637177
v 2.060283 2.259267 -1.805075
v 1.514572 1.983710 -1.414587
v 1.553185 1.629435 -2.220435
v 1.912866 1.884627 -1.637177
v 1.514572 1.983710 -1.414587
v 0.945312 1.720706 -2.139822
v 1.553185 1.629435 -2.220435
v 0.945312 1.720706 -2.139822
v 1.245655 1.585719 -2.539388
v 1.553185 1.629435 -2.220435
v 0.945312 1.720706 -2.139822
v 0.990820 1.974457 -2.911792
v 1.245655 1.585719 -2.539388
v 0.945312 1.720706 -2.139822
v 0.387519 2.040988 -2.459672
v 0.990820 1.974457 -2.911792
v 0.387519 2.040988 -2.459672
v 0.631174 2.522662 -2.964165
v 0.990820 1.974457 -2.911792
v 0.387519 2.040988 -2.459672
v 0.671242 2.992876 -2.709038
v 0.631174 2.522662 -2.964165
v 0.387519 2.040988 -2.459672
v 0.516579 2.796304 -1.908187
v 0.671242 2.992876 -2.709038
v 0.516579 2.796304 -1.908187
v 0.916797 3.331736 -2.279853
v 0.671242 2.992876 -2.709038
v 1.591882 2.272635 -1.322423
v 1.514572 1.983710 -1.414587
v 1.912866 1.884627 -1.637177
v 1.591882 2.272635 -1.322423
v 1.062993 2.804119 -1.325192
v 1.514572 1.983710 -1.414587
v 1.062993 2.804119 -1.325192
v 0.615556 2.164997 -1.614880
v 1.514572 1.983710 -1.414587
v 0.516579 2.796304 -1.908187
v 1.274341 3.156763 -1.877259
v 0.916797 3.331736 -2.279853
v 0.516579 2.796304 -1.908187
v 1.062993 2.804119 -1.325192
v 1.274341 3.156763 -1.877259
v 1.062993 2.804119 -1.325192
v 1.531011 2.953991 -1.665157
v 1.274341 3.156763 -1.877259
vn -0.7164 0.1984 0.6688
vn 0.4336 0.4356 0.7889
vn -0.9640 -0.0283 0.2644
vn -0.5915 -0.7594 0.2711
vn -0.2780 -0.8122 0.5128
vn 0.2341 0.4535 0.8600
vn 0.2150 0.9510 0.2224
vn -0.8141 0.3290 -0.4786
vn -0.2161 -0.7456 -0.6304
vn 0.7315 -0.6624 -0.1613
vn 0.4791 0.7779 0.4066
vn 0.3169 0.9318 -0.1773
vn -0.5063 0.1435 -0.8503
vn 0.2005 -0.8031 -0.5610
vn 0.9062 -0.4074 -0.1135
vn 0.0606 0.9850 0.1617
vn 0.1913 0.8677 -0.4587
vn 0.6921 0.0584 -0.7194
vn 0.7324 -0.0476 -0.6792
vn 0.9728 0.2311 0.0155
vn 0.9418 -0.2722 -0.1973
vn 0.8681 0.0186 -0.4960
vn 0.8670 0.0118 -0.4982
vn 0.6433 -0.4002 -0.6527
vn 0.7167 -0.0211 -0.6970
vn 0.7262 -0.0091 -0.6874
vn 0.5859 -0.2481 -0.7714
vn 0.4257 -0.2113 -0.8798
vn -0.1415 0.4296 -0.8918
vn 0.8609 0.5088 -0.0028
vn 0.7864 0.6170 0.0308
vn 0.6131 0.4446 0.6531
vn 0.8867 0.4587 0.0588
vn 0.8903 0.3922 -0.2313
vn 0.9865 0.1636 -0.0036
vn 0.9035 -0.2507 0.3476
vn 0.6300 -0.7380 0.2418
vn 0.6289 -0.7235 0.2846
vn 0.4792 -0.5477 -0.6859
vn 0.4674 -0.5485 -0.6933
vn 0.5144 -0.7078 -0.4841
vn -0.2184 0.1792 -0.9593
vn -0.2100 0.1692 -0.9629
vn 0.0580 0.4752 -0.8780
vn -0.6527 0.7280 0.2098
vn -0.6051 0.6358 0.4792
vn 0.4370 0.4448 0.7818
vn 0.0759 0.9889 0.1279
vn 0.2668 0.7350 0.6234
vn 0.8973 0.2822 0.3395
vn 0.5717 -0.7806 0.2526
vn 0.7214 -0.6847 0.1038
vn 0.2737 -0.9525 -0.1334
vn -0.5385 -0.6885 -0.4858
vn -0.1740 -0.5537 -0.8143
vn -0.6341 -0.4743 -0.6107
vn -0.7136 0.6827 0.1575
vn -0.4863 0.8719 0.0565
vn -0.1970 0.8212 -0.5356
vn 0.4898 0.8629 0.1245
vn 0.3867 0.8825 0.2678
vn 0.3805 0.8537 0.3557
vn 0.8489 -0.1802 0.4970
vn 0.6857 -0.2768 0.6732
vn 0.7177 0.0294 0.6957
vn -0.0029 -0.9155 0.4023
vn -0.0845 -0.9137 0.3976
vn -0.1128 -0.9640 0.2409
vn -0.6681 -0.6943 -0.2676
vn -0.3321 -0.8901 -0.3122
vn -0.5691 -0.4398 -0.6948
vn -0.9439 0.2159 -0.2497
vn -0.9594 0.2537 -0.1230
vn -0.8040 0.5945 -0.0094
vn 0.3806 -0.3719 0.8466
vn -0.2417 -0.2356 0.9413
vn -0.2574 -0.2436 0.9351
vn -0.3573 0.6979 0.6207
vn -0.4108 0.8315 0.3739
vn 0.1599 0.8030 0.5741
s 1
usemtl leaf_green.001
f 1197//476 1198//476 1199//476
f 1200//477 1201//477 1202//477
f 1203//478 1204//478 1205//478
f 1206//479 1207//479 1208//479
f 1209//480 1210//480 1211//480
f 1212//481 1213//481 1214//481
f 1215//482 1216//482 1217//482
f 1218//483 1219//483 1220//483
f 1221//484 1222//484 1223//484
f 1224//485 1225//485 1226//485
f 1227//486 1228//486 1229//486
f 1230//487 1231//487 1232//487
f 1233//488 1234//488 1235//488
f 1236//489 1237//489 1238//489
f 1239//490 1240//490 1241//490
f 1242//491 1243//491 1244//491
f 1245//492 1246//492 1247//492
f 1248//493 1249//493 1250//493
f 1251//494 1252//494 1253//494
f 1254//495 1255//495 1256//495
f 1257//496 1258//496 1259//496
f 1260//497 1261//497 1262//497
f 1263//498 1264//498 1265//498
f 1266//499 1267//499 1268//499
f 1269//500 1270//500 1271//500
f 1272//501 1273//501 1274//501
f 1275//502 1276//502 1277//502
f 1278//503 1279//503 1280//503
f 1281//504 1282//504 1283//504
f 1284//505 1285//505 1286//505
f 1287//506 1288//506 1289//506
f 1290//507 1291//507 1292//507
f 1293//508 1294//508 1295//508
f 1296//509 1297//509 1298//509
f 1299//510 1300//510 1301//510
f 1302//511 1303//511 1304//511
f 1305//512 1306//512 1307//512
f 1308//513 1309//513 1310//513
f 1311//514 1312//514 1313//514
f 1314//515 1315//515 1316//515
f 1317//516 1318//516 1319//516
f 1320//517 1321//517 1322//517
f 1323//518 1324//518 1325//518
f 1326//519 1327//519 1328//519
f 1329//520 1330//520 1331//520
f 1332//521 1333//521 1334//521
f 1335//522 1336//522 1337//522
f 1338//523 1339//523 1340//523
f 1341//524 1342//524 1343//524
f 1344//525 1345//525 1346//525
f 1347//526 1348//526 1349//526
f 1350//527 1351//527 1352//527
f 1353//528 1354//528 1355//528
f 1356//529 1357//529 1358//529
f 1359//530 1360//530 1361//530
f 1362//531 1363//531 1364//531
f 1365//532 1366//532 1367//532
f 1368//533 1369//533 1370//533
f 1371//534 1372//534 1373//534
f 1374//535 1375//535 1376//535
f 1377//536 1378//536 1379//536
f 1380//537 1381//537 1382//537
f 1383//538 1384//538 1385//538
f 1386//539 1387//539 1388//539
f 1389//540 1390//540 1391//540
f 1392//541 1393//541 1394//541
f 1395//542 1396//542 1397//542
f 1398//543 1399//543 1400//543
f 1401//544 1402//544 1403//544
f 1404//545 1405//545 1406//545
f 1407//546 1408//546 1409//546
f 1410//547 1411//547 1412//547
f 1413//548 1414//548 1415//548
f 1416//549 1417//549 1418//549
f 1419//550 1420//550 1421//550
f 1422//551 1423//551 1424//551
f 1425//552 1426//552 1427//552
f 1428//553 1429//553 1430//553
f 1431//554 1432//554 1433//554
f 1434//555 1435//555 1436//555
o Icosphere003_0
v 3.685815 1.097552 0.038018
v 4.335299 1.646987 0.719286
v 3.944154 1.560415 0.090491
v 4.641977 1.693312 0.666603
v 4.335299 1.646987 0.719286
v 4.904964 1.183843 0.644608
v 3.685815 1.097552 0.038018
v 3.944154 1.560415 0.090491
v 3.849018 0.980555 -0.503367
v 3.685815 1.097552 0.038018
v 3.849018 0.980555 -0.503367
v 4.245633 0.638657 -0.105387
v 3.685815 1.097552 0.038018
v 4.245633 0.638657 -0.105387
v 4.685485 0.932308 0.522350
v 4.641977 1.693312 0.666603
v 4.904964 1.183843 0.644608
v 5.136470 1.454323 0.359854
v 4.050264 2.221288 -0.146859
v 4.438624 2.031236 0.290434
v 4.513248 2.159411 -0.027313
v 4.050239 1.374016 -0.686021
v 3.758848 1.868516 -0.625223
v 4.264302 1.830220 -0.736488
v 4.434449 0.694364 -0.349433
v 4.198118 0.845128 -0.787737
v 4.489892 0.797360 -0.806082
v 5.033657 0.829177 0.352636
v 4.678590 0.669531 0.001450
v 5.186887 0.655455 0.214502
v 4.641977 1.693312 0.666603
v 5.136470 1.454323 0.359854
v 4.670662 2.037356 0.261116
v 4.050264 2.221288 -0.146859
v 4.513248 2.159411 -0.027313
v 4.306922 2.030328 -0.412425
v 4.050239 1.374016 -0.686021
v 4.264302 1.830220 -0.736488
v 4.262616 1.276026 -0.868387
v 4.434449 0.694364 -0.349433
v 4.489892 0.797360 -0.806082
v 4.814371 0.785461 -0.418016
v 5.033657 0.829177 0.352636
v 5.186887 0.655455 0.214502
v 5.337142 1.034955 0.401904
v 4.862219 1.847599 -0.151730
v 5.370722 1.850328 0.103834
v 4.964877 2.106870 -0.282362
v 4.463944 2.143747 -0.680908
v 4.681869 2.386498 -0.314054
v 5.040371 1.985084 -0.926357
v 4.569502 1.107510 -0.969747
v 4.588809 1.624208 -1.152723
v 4.818504 1.284742 -0.882054
v 5.357436 0.757611 -0.425858
v 5.027388 0.939366 -0.739380
v 5.109805 1.288355 -0.486253
v 5.526144 1.332451 0.446750
v 5.375937 1.110641 -0.139478
v 5.222367 1.483214 -0.270526
v 5.222367 1.483214 -0.270526
v 5.109805 1.288355 -0.486253
v 5.247150 1.617978 -0.638974
v 5.222367 1.483214 -0.270526
v 5.375937 1.110641 -0.139478
v 5.109805 1.288355 -0.486253
v 5.375937 1.110641 -0.139478
v 5.357436 0.757611 -0.425858
v 5.109805 1.288355 -0.486253
v 5.109805 1.288355 -0.486253
v 4.818504 1.284742 -0.882054
v 5.247150 1.617978 -0.638974
v 5.109805 1.288355 -0.486253
v 5.027388 0.939366 -0.739380
v 4.818504 1.284742 -0.882054
v 5.027388 0.939366 -0.739380
v 4.569502 1.107510 -0.969747
v 4.818504 1.284742 -0.882054
v 4.818504 1.284742 -0.882054
v 5.040371 1.985084 -0.926357
v 5.247150 1.617978 -0.638974
v 4.818504 1.284742 -0.882054
v 4.588809 1.624208 -1.152723
v 5.040371 1.985084 -0.926357
v 4.588809 1.624208 -1.152723
v 4.463944 2.143747 -0.680908
v 5.040371 1.985084 -0.926357
v 5.040371 1.985084 -0.926357
v 4.964877 2.106870 -0.282362
v 5.247150 1.617978 -0.638974
v 5.040371 1.985084 -0.926357
v 4.681869 2.386498 -0.314054
v 4.964877 2.106870 -0.282362
v 4.681869 2.386498 -0.314054
v 4.862219 1.847599 -0.151730
v 4.964877 2.106870 -0.282362
v 4.964877 2.106870 -0.282362
v 5.222367 1.483214 -0.270526
v 5.247150 1.617978 -0.638974
v 4.964877 2.106870 -0.282362
v 5.370722 1.850328 0.103834
v 5.222367 1.483214 -0.270526
v 5.370722 1.850328 0.103834
v 5.526144 1.332451 0.446750
v 5.222367 1.483214 -0.270526
v 5.337142 1.034955 0.401904
v 5.375937 1.110641 -0.139478
v 5.526144 1.332451 0.446750
v 5.337142 1.034955 0.401904
v 5.186887 0.655455 0.214502
v 5.375937 1.110641 -0.139478
v 5.186887 0.655455 0.214502
v 5.357436 0.757611 -0.425858
v 5.375937 1.110641 -0.139478
v 4.814371 0.785461 -0.418016
v 5.027388 0.939366 -0.739380
v 5.357436 0.757611 -0.425858
v 4.814371 0.785461 -0.418016
v 4.489892 0.797360 -0.806082
v 5.027388 0.939366 -0.739380
v 4.489892 0.797360 -0.806082
v 4.569502 1.107510 -0.969747
v 5.027388 0.939366 -0.739380
v 4.262616 1.276026 -0.868387
v 4.588809 1.624208 -1.152723
v 4.569502 1.107510 -0.969747
v 4.262616 1.276026 -0.868387
v 4.264302 1.830220 -0.736488
v 4.588809 1.624208 -1.152723
v 4.264302 1.830220 -0.736488
v 4.463944 2.143747 -0.680908
v 4.588809 1.624208 -1.152723
v 4.306922 2.030328 -0.412425
v 4.681869 2.386498 -0.314054
v 4.463944 2.143747 -0.680908
v 4.306922 2.030328 -0.412425
v 4.513248 2.159411 -0.027313
v 4.681869 2.386498 -0.314054
v 4.513248 2.159411 -0.027313
v 4.862219 1.847599 -0.151730
v 4.681869 2.386498 -0.314054
v 4.670662 2.037356 0.261116
v 5.370722 1.850328 0.103834
v 4.862219 1.847599 -0.151730
v 4.670662 2.037356 0.261116
v 5.136470 1.454323 0.359854
v 5.370722 1.850328 0.103834
v 5.136470 1.454323 0.359854
v 5.526144 1.332451 0.446750
v 5.370722 1.850328 0.103834
v 5.186887 0.655455 0.214502
v 4.814371 0.785461 -0.418016
v 5.357436 0.757611 -0.425858
v 5.186887 0.655455 0.214502
v 4.678590 0.669531 0.001450
v 4.814371 0.785461 -0.418016
v 4.678590 0.669531 0.001450
v 4.434449 0.694364 -0.349433
v 4.814371 0.785461 -0.418016
v 4.489892 0.797360 -0.806082
v 4.262616 1.276026 -0.868387
v 4.569502 1.107510 -0.969747
v 4.489892 0.797360 -0.806082
v 4.198118 0.845128 -0.787737
v 4.262616 1.276026 -0.868387
v 4.198118 0.845128 -0.787737
v 4.050239 1.374016 -0.686021
v 4.262616 1.276026 -0.868387
v 4.264302 1.830220 -0.736488
v 4.306922 2.030328 -0.412425
v 4.463944 2.143747 -0.680908
v 4.264302 1.830220 -0.736488
v 3.758848 1.868516 -0.625223
v 4.306922 2.030328 -0.412425
v 3.758848 1.868516 -0.625223
v 4.050264 2.221288 -0.146859
v 4.306922 2.030328 -0.412425
v 4.513248 2.159411 -0.027313
v 4.670662 2.037356 0.261116
v 4.862219 1.847599 -0.151730
v 4.513248 2.159411 -0.027313
v 4.438624 2.031236 0.290434
v 4.670662 2.037356 0.261116
v 4.438624 2.031236 0.290434
v 4.641977 1.693312 0.666603
v 4.670662 2.037356 0.261116
v 5.136470 1.454323 0.359854
v 5.337142 1.034955 0.401904
v 5.526144 1.332451 0.446750
v 5.136470 1.454323 0.359854
v 4.904964 1.183843 0.644608
v 5.337142 1.034955 0.401904
v 4.904964 1.183843 0.644608
v 5.033657 0.829177 0.352636
v 5.337142 1.034955 0.401904
v 4.685485 0.932308 0.522350
v 4.678590 0.669531 0.001450
v 5.033657 0.829177 0.352636
v 4.685485 0.932308 0.522350
v 4.245633 0.638657 -0.105387
v 4.678590 0.669531 0.001450
v 4.245633 0.638657 -0.105387
v 4.434449 0.694364 -0.349433
v 4.678590 0.669531 0.001450
v 4.245633 0.638657 -0.105387
v 4.198118 0.845128 -0.787737
v 4.434449 0.694364 -0.349433
v 4.245633 0.638657 -0.105387
v 3.849018 0.980555 -0.503367
v 4.198118 0.845128 -0.787737
v 3.849018 0.980555 -0.503367
v 4.050239 1.374016 -0.686021
v 4.198118 0.845128 -0.787737
v 3.849018 0.980555 -0.503367
v 3.758848 1.868516 -0.625223
v 4.050239 1.374016 -0.686021
v 3.849018 0.980555 -0.503367
v 3.944154 1.560415 0.090491
v 3.758848 1.868516 -0.625223
v 3.944154 1.560415 0.090491
v 4.050264 2.221288 -0.146859
v 3.758848 1.868516 -0.625223
v 4.904964 1.183843 0.644608
v 4.685485 0.932308 0.522350
v 5.033657 0.829177 0.352636
v 4.904964 1.183843 0.644608
v 4.335299 1.646987 0.719286
v 4.685485 0.932308 0.522350
v 4.335299 1.646987 0.719286
v 3.685815 1.097552 0.038018
v 4.685485 0.932308 0.522350
v 3.944154 1.560415 0.090491
v 4.438624 2.031236 0.290434
v 4.050264 2.221288 -0.146859
v 3.944154 1.560415 0.090491
v 4.335299 1.646987 0.719286
v 4.438624 2.031236 0.290434
v 4.335299 1.646987 0.719286
v 4.641977 1.693312 0.666603
v 4.438624 2.031236 0.290434
vn -0.8027 0.3976 0.4446
vn 0.1631 0.0416 0.9857
vn -0.8017 0.4868 -0.3469
vn -0.6377 -0.7699 -0.0259
vn -0.4063 -0.6847 0.6050
vn 0.5996 0.2771 0.7507
vn 0.0257 0.9250 0.3792
vn -0.2155 -0.0069 -0.9765
vn -0.1714 -0.9564 -0.2365
vn -0.2788 -0.7362 0.6166
vn 0.6130 0.5805 0.5359
vn 0.2252 0.8811 -0.4159
vn -0.5881 0.1890 -0.7864
vn 0.1957 -0.9615 -0.1931
vn 0.1993 -0.4962 0.8450
vn -0.3825 0.5320 0.7554
vn -0.0043 0.8351 -0.5500
vn 0.5022 -0.3053 -0.8091
vn 0.7374 0.2738 -0.6175
vn 0.9079 0.2581 -0.3303
vn 0.9032 -0.4192 -0.0926
vn 0.8191 0.1421 -0.5558
vn 0.8228 0.3314 -0.4617
vn 0.6899 -0.5205 -0.5030
vn 0.7819 0.2343 -0.5776
vn 0.4084 -0.1265 -0.9040
vn 0.6142 -0.2421 -0.7511
vn 0.5780 -0.2326 -0.7822
vn -0.1411 0.6468 -0.7495
vn 0.8685 0.4956 0.0081
vn 0.7048 0.7075 -0.0512
vn 0.2498 0.3550 0.9009
vn 0.9045 0.3772 0.1988
vn 0.7502 0.2985 -0.5900
vn 0.9222 0.0211 -0.3861
vn 0.8449 -0.5347 -0.0142
vn 0.9273 -0.3741 0.0141
vn 0.9497 -0.2257 0.2169
vn -0.0521 -0.8868 -0.4592
vn 0.2767 -0.9252 -0.2597
vn 0.2356 -0.5002 -0.8333
vn -0.4383 -0.2855 -0.8523
vn -0.7393 0.1580 -0.6546
vn -0.5624 0.4777 -0.6749
vn -0.6745 0.7334 -0.0846
vn -0.7010 0.6990 0.1413
vn 0.6078 0.4085 0.6810
vn 0.1689 0.9230 -0.3459
vn 0.2993 0.3868 0.8722
vn -0.0147 0.5490 0.8357
vn -0.0529 -0.9838 -0.1710
vn 0.0751 -0.9671 -0.2430
vn 0.1936 -0.9599 -0.2026
vn -0.4519 -0.3228 -0.8316
vn -0.0896 -0.1703 -0.9813
vn -0.6618 -0.0411 -0.7486
vn -0.8004 0.5514 -0.2352
vn -0.0499 0.8527 -0.5200
vn -0.0094 0.8075 -0.5898
vn 0.6577 0.7522 -0.0406
vn 0.0234 0.9252 0.3787
vn 0.0619 0.7589 0.6483
vn -0.2198 -0.0074 0.9755
vn 0.5467 0.3384 0.7659
vn 0.2510 -0.5593 0.7900
vn -0.0446 -0.8917 0.4504
vn -0.0476 -0.8916 0.4504
vn 0.1055 -0.9841 -0.1430
vn -0.0842 -0.9554 -0.2832
vn -0.5023 -0.8367 -0.2182
vn -0.6384 -0.0306 -0.7691
vn -0.4641 -0.1665 -0.8700
vn -0.9726 -0.0682 0.2224
vn -0.8978 0.2693 0.3484
vn 0.2158 -0.5727 0.7908
vn -0.1442 -0.3279 0.9336
vn -0.4498 -0.4353 0.7799
vn -0.6188 0.3516 0.7024
vn -0.7153 0.5972 0.3628
vn 0.0022 0.7445 0.6676
s 1
usemtl leaf_green
f 1437//556 1438//556 1439//556
f 1440//557 1441//557 1442//557
f 1443//558 1444//558 1445//558
f 1446//559 1447//559 1448//559
f 1449//560 1450//560 1451//560
f 1452//561 1453//561 1454//561
f 1455//562 1456//562 1457//562
f 1458//563 1459//563 1460//563
f 1461//564 1462//564 1463//564
f 1464//565 1465//565 1466//565
f 1467//566 1468//566 1469//566
f 1470//567 1471//567 1472//567
f 1473//568 1474//568 1475//568
f 1476//569 1477//569 1478//569
f 1479//570 1480//570 1481//570
f 1482//571 1483//571 1484//571
f 1485//572 1486//572 1487//572
f 1488//573 1489//573 1490//573
f 1491//574 1492//574 1493//574
f 1494//575 1495//575 1496//575
f 1497//576 1498//576 1499//576
f 1500//577 1501//577 1502//577
f 1503//578 1504//578 1505//578
f 1506//579 1507//579 1508//579
f 1509//580 1510//580 1511//580
f 1512//581 1513//581 1514//581
f 1515//582 1516//582 1517//582
f 1518//583 1519//583 1520//583
f 1521//584 1522//584 1523//584
f 1524//585 1525//585 1526//585
f 1527//586 1528//586 1529//586
f 1530//587 1531//587 1532//587
f 1533//588 1534//588 1535//588
f 1536//589 1537//589 1538//589
f 1539//590 1540//590 1541//590
f 1542//591 1543//591 1544//591
f 1545//592 1546//592 1547//592
f 1548//593 1549//593 1550//593
f 1551//594 1552//594 1553//594
f 1554//595 1555//595 1556//595
f 1557//596 1558//596 1559//596
f 1560//597 1561//597 1562//597
f 1563//598 1564//598 1565//598
f 1566//599 1567//599 1568//599
f 1569//600 1570//600 1571//600
f 1572//601 1573//601 1574//601
f 1575//602 1576//602 1577//602
f 1578//603 1579//603 1580//603
f 1581//604 1582//604 1583//604
f 1584//605 1585//605 1586//605
f 1587//606 1588//606 1589//606
f 1590//607 1591//607 1592//607
f 1593//608 1594//608 1595//608
f 1596//609 1597//609 1598//609
f 1599//610 1600//610 1601//610
f 1602//611 1603//611 1604//611
f 1605//612 1606//612 1607//612
f 1608//613 1609//613 1610//613
f 1611//614 1612//614 1613//614
f 1614//615 1615//615 1616//615
f 1617//616 1618//616 1619//616
f 1620//617 1621//617 1622//617
f 1623//618 1624//618 1625//618
f 1626//619 1627//619 1628//619
f 1629//620 1630//620 1631//620
f 1632//621 1633//621 1634//621
f 1635//622 1636//622 1637//622
f 1638//623 1639//623 1640//623
f 1641//624 1642//624 1643//624
f 1644//625 1645//625 1646//625
f 1647//626 1648//626 1649//626
f 1650//627 1651//627 1652//627
f 1653//628 1654//628 1655//628
f 1656//629 1657//629 1658//629
f 1659//630 1660//630 1661//630
f 1662//631 1663//631 1664//631
f 1665//632 1666//632 1667//632
f 1668//633 1669//633 1670//633
f 1671//634 1672//634 1673//634
f 1674//635 1675//635 1676//635
o Icosphere004_0
v 2.236705 2.466133 -0.072802
v 2.806571 3.158288 0.643444
v 2.175008 3.127908 0.058585
v 3.137390 3.208258 0.586612
v 2.806571 3.158288 0.643444
v 3.478578 2.616998 0.810382
v 2.236705 2.466133 -0.072802
v 2.175008 3.127908 0.058585
v 2.282003 2.439388 -0.675463
v 2.236705 2.466133 -0.072802
v 2.282003 2.439388 -0.675463
v 2.709843 2.070574 -0.246154
v 2.236705 2.466133 -0.072802
v 2.709843 2.070574 -0.246154
v 3.184325 2.387345 0.431004
v 3.137390 3.208258 0.586612
v 3.478578 2.616998 0.810382
v 3.670814 2.950457 0.255712
v 2.318975 4.024539 -0.263436
v 2.918026 3.572788 0.180831
v 2.998526 3.711052 -0.161935
v 2.318942 2.875014 -0.994940
v 1.923598 3.545923 -0.912450
v 2.609365 3.493964 -1.063407
v 2.913527 2.130665 -0.509411
v 2.519573 2.157449 -1.132940
v 2.915438 2.092642 -1.157831
v 3.653183 2.135809 0.414250
v 3.176885 2.103880 -0.130903
v 3.861073 1.900114 0.226837
v 3.137390 3.208258 0.586612
v 3.670814 2.950457 0.255712
v 3.160689 3.774995 0.290081
v 2.318975 4.024539 -0.263436
v 2.998526 3.711052 -0.161935
v 2.667190 3.765460 -0.623740
v 2.318942 2.875014 -0.994940
v 2.609365 3.493964 -1.063407
v 2.728164 2.758125 -1.069220
v 2.913527 2.130665 -0.509411
v 2.915438 2.092642 -1.157831
v 3.355670 2.076496 -0.631327
v 3.653183 2.135809 0.414250
v 3.861073 1.900114 0.226837
v 3.762344 2.515193 0.146488
v 3.420583 3.517545 -0.270044
v 4.110493 3.521247 0.076687
v 3.559869 3.869306 -0.447278
v 2.945343 3.694158 -0.866983
v 3.175896 4.248692 -0.490277
v 3.567150 3.523004 -1.131754
v 3.059212 2.576338 -1.178561
v 3.080036 3.133715 -1.375943
v 3.361278 2.753890 -1.260906
v 3.909176 2.198896 -0.591855
v 3.553145 2.394960 -0.930056
v 3.642051 2.771421 -0.657004
v 3.960102 2.868130 0.094953
v 4.117568 2.517683 -0.253422
v 3.909208 3.023168 -0.431219
v 3.909208 3.023168 -0.431219
v 3.642051 2.771421 -0.657004
v 3.790210 3.126997 -0.821748
v 3.909208 3.023168 -0.431219
v 4.117568 2.517683 -0.253422
v 3.642051 2.771421 -0.657004
v 4.117568 2.517683 -0.253422
v 3.909176 2.198896 -0.591855
v 3.642051 2.771421 -0.657004
v 3.642051 2.771421 -0.657004
v 3.361278 2.753890 -1.260906
v 3.790210 3.126997 -0.821748
v 3.642051 2.771421 -0.657004
v 3.553145 2.394960 -0.930056
v 3.361278 2.753890 -1.260906
v 3.553145 2.394960 -0.930056
v 3.059212 2.576338 -1.178561
v 3.361278 2.753890 -1.260906
v 3.361278 2.753890 -1.260906
v 3.567150 3.523004 -1.131754
v 3.790210 3.126997 -0.821748
v 3.361278 2.753890 -1.260906
v 3.080036 3.133715 -1.375943
v 3.567150 3.523004 -1.131754
v 3.080036 3.133715 -1.375943
v 2.945343 3.694158 -0.866983
v 3.567150 3.523004 -1.131754
v 3.567150 3.523004 -1.131754
v 3.559869 3.869306 -0.447278
v 3.790210 3.126997 -0.821748
v 3.567150 3.523004 -1.131754
v 3.175896 4.248692 -0.490277
v 3.559869 3.869306 -0.447278
v 3.175896 4.248692 -0.490277
v 3.420583 3.517545 -0.270044
v 3.559869 3.869306 -0.447278
v 3.559869 3.869306 -0.447278
v 3.909208 3.023168 -0.431219
v 3.790210 3.126997 -0.821748
v 3.559869 3.869306 -0.447278
v 4.110493 3.521247 0.076687
v 3.909208 3.023168 -0.431219
v 4.110493 3.521247 0.076687
v 3.960102 2.868130 0.094953
v 3.909208 3.023168 -0.431219
v 3.762344 2.515193 0.146488
v 4.117568 2.517683 -0.253422
v 3.960102 2.868130 0.094953
v 3.762344 2.515193 0.146488
v 3.861073 1.900114 0.226837
v 4.117568 2.517683 -0.253422
v 3.861073 1.900114 0.226837
v 3.909176 2.198896 -0.591855
v 4.117568 2.517683 -0.253422
v 3.355670 2.076496 -0.631327
v 3.553145 2.394960 -0.930056
v 3.909176 2.198896 -0.591855
v 3.355670 2.076496 -0.631327
v 2.915438 2.092642 -1.157831
v 3.553145 2.394960 -0.930056
v 2.915438 2.092642 -1.157831
v 3.059212 2.576338 -1.178561
v 3.553145 2.394960 -0.930056
v 2.728164 2.758125 -1.069220
v 3.080036 3.133715 -1.375943
v 3.059212 2.576338 -1.178561
v 2.728164 2.758125 -1.069220
v 2.609365 3.493964 -1.063407
v 3.080036 3.133715 -1.375943
v 2.609365 3.493964 -1.063407
v 2.945343 3.694158 -0.866983
v 3.080036 3.133715 -1.375943
v 2.667190 3.765460 -0.623740
v 3.175896 4.248692 -0.490277
v 2.945343 3.694158 -0.866983
v 2.667190 3.765460 -0.623740
v 2.998526 3.711052 -0.161935
v 3.175896 4.248692 -0.490277
v 2.998526 3.711052 -0.161935
v 3.420583 3.517545 -0.270044
v 3.175896 4.248692 -0.490277
v 3.160689 3.774995 0.290081
v 4.110493 3.521247 0.076687
v 3.420583 3.517545 -0.270044
v 3.160689 3.774995 0.290081
v 3.670814 2.950457 0.255712
v 4.110493 3.521247 0.076687
v 3.670814 2.950457 0.255712
v 3.960102 2.868130 0.094953
v 4.110493 3.521247 0.076687
v 3.861073 1.900114 0.226837
v 3.355670 2.076496 -0.631327
v 3.909176 2.198896 -0.591855
v 3.861073 1.900114 0.226837
v 3.176885 2.103880 -0.130903
v 3.355670 2.076496 -0.631327
v 3.176885 2.103880 -0.130903
v 2.913527 2.130665 -0.509411
v 3.355670 2.076496 -0.631327
v 2.915438 2.092642 -1.157831
v 2.728164 2.758125 -1.069220
v 3.059212 2.576338 -1.178561
v 2.915438 2.092642 -1.157831
v 2.519573 2.157449 -1.132940
v 2.728164 2.758125 -1.069220
v 2.519573 2.157449 -1.132940
v 2.318942 2.875014 -0.994940
v 2.728164 2.758125 -1.069220
v 2.609365 3.493964 -1.063407
v 2.667190 3.765460 -0.623740
v 2.945343 3.694158 -0.866983
v 2.609365 3.493964 -1.063407
v 1.923598 3.545923 -0.912450
v 2.667190 3.765460 -0.623740
v 1.923598 3.545923 -0.912450
v 2.318975 4.024539 -0.263436
v 2.667190 3.765460 -0.623740
v 2.998526 3.711052 -0.161935
v 3.160689 3.774995 0.290081
v 3.420583 3.517545 -0.270044
v 2.998526 3.711052 -0.161935
v 2.918026 3.572788 0.180831
v 3.160689 3.774995 0.290081
v 2.918026 3.572788 0.180831
v 3.137390 3.208258 0.586612
v 3.160689 3.774995 0.290081
v 3.670814 2.950457 0.255712
v 3.762344 2.515193 0.146488
v 3.960102 2.868130 0.094953
v 3.670814 2.950457 0.255712
v 3.478578 2.616998 0.810382
v 3.762344 2.515193 0.146488
v 3.478578 2.616998 0.810382
v 3.653183 2.135809 0.414250
v 3.762344 2.515193 0.146488
v 3.184325 2.387345 0.431004
v 3.176885 2.103880 -0.130903
v 3.653183 2.135809 0.414250
v 3.184325 2.387345 0.431004
v 2.709843 2.070574 -0.246154
v 3.176885 2.103880 -0.130903
v 2.709843 2.070574 -0.246154
v 2.913527 2.130665 -0.509411
v 3.176885 2.103880 -0.130903
v 2.709843 2.070574 -0.246154
v 2.519573 2.157449 -1.132940
v 2.913527 2.130665 -0.509411
v 2.709843 2.070574 -0.246154
v 2.282003 2.439388 -0.675463
v 2.519573 2.157449 -1.132940
v 2.282003 2.439388 -0.675463
v 2.318942 2.875014 -0.994940
v 2.519573 2.157449 -1.132940
v 2.282003 2.439388 -0.675463
v 1.923598 3.545923 -0.912450
v 2.318942 2.875014 -0.994940
v 2.282003 2.439388 -0.675463
v 2.175008 3.127908 0.058585
v 1.923598 3.545923 -0.912450
v 2.175008 3.127908 0.058585
v 2.318975 4.024539 -0.263436
v 1.923598 3.545923 -0.912450
v 3.478578 2.616998 0.810382
v 3.184325 2.387345 0.431004
v 3.653183 2.135809 0.414250
v 3.478578 2.616998 0.810382
v 2.806571 3.158288 0.643444
v 3.184325 2.387345 0.431004
v 2.806571 3.158288 0.643444
v 2.236705 2.466133 -0.072802
v 3.184325 2.387345 0.431004
v 2.175008 3.127908 0.058585
v 2.918026 3.572788 0.180831
v 2.318975 4.024539 -0.263436
v 2.175008 3.127908 0.058585
v 2.806571 3.158288 0.643444
v 2.918026 3.572788 0.180831
v 2.806571 3.158288 0.643444
v 3.137390 3.208258 0.586612
v 2.918026 3.572788 0.180831
vn -0.6597 -0.2050 0.7230
vn 0.0961 0.4003 0.9113
vn -0.9944 -0.0786 -0.0713
vn -0.6445 -0.7645 -0.0145
vn -0.3756 -0.7102 0.5954
vn 0.6147 0.5636 0.5518
vn 0.3281 0.8468 0.4186
vn -0.2155 -0.0069 -0.9765
vn -0.1578 -0.9858 0.0573
vn -0.4624 -0.7647 0.4488
vn 0.6098 0.3476 0.7122
vn 0.4352 0.8757 -0.2091
vn -0.1846 -0.0220 -0.9826
vn -0.1057 -0.9927 0.0579
vn 0.7724 0.2026 0.6020
vn -0.3825 0.5321 0.7554
vn -0.1675 0.6007 -0.7817
vn -0.0620 -0.3311 -0.9415
vn 0.7374 0.2738 -0.6175
vn 0.9211 0.3886 0.0254
vn 0.7834 -0.4984 -0.3712
vn 0.6465 -0.0019 -0.7629
vn 0.7007 0.2509 -0.6678
vn 0.7934 -0.4948 -0.3545
vn 0.9018 0.0931 -0.4220
vn 0.1570 -0.6227 -0.7666
vn 0.7499 -0.0907 -0.6554
vn 0.4228 0.0389 -0.9054
vn -0.1411 0.6468 -0.7495
vn 0.9105 0.3728 -0.1789
vn 0.6831 0.6546 -0.3239
vn 0.2498 0.3550 0.9009
vn 0.9107 0.3726 -0.1784
vn 0.7502 0.2985 -0.5900
vn 0.9610 -0.2258 -0.1595
vn 0.7125 -0.3071 0.6309
vn 0.7315 0.2025 0.6511
vn 0.8828 -0.4556 -0.1144
vn 0.2085 -0.7348 -0.6455
vn 0.5086 -0.7354 -0.4478
vn 0.3973 -0.1568 -0.9042
vn -0.4383 -0.2855 -0.8523
vn -0.5979 -0.0902 -0.7965
vn 0.0280 0.6757 -0.7366
vn -0.4183 0.6230 -0.6610
vn -0.6524 0.5400 0.5317
vn 0.3900 0.3828 0.8375
vn 0.1689 0.9230 -0.3459
vn 0.2463 0.1122 0.9627
vn 0.4660 -0.0827 0.8809
vn 0.2263 -0.9192 -0.3222
vn -0.2650 -0.9633 -0.0420
vn -0.1183 -0.9929 0.0121
vn -0.2907 0.0454 -0.9557
vn -0.0427 0.1200 -0.9918
vn -0.1347 0.1507 -0.9794
vn -0.2146 0.8434 -0.4926
vn -0.0499 0.8527 -0.5200
vn -0.0094 0.8075 -0.5898
vn 0.3490 0.9024 -0.2528
vn -0.6698 0.7298 0.1371
vn -0.6249 0.3820 0.6809
vn 0.4543 -0.1258 0.8819
vn 0.9204 0.0986 0.3783
vn 0.9201 0.0116 0.3915
vn -0.4190 -0.8085 0.4134
vn -0.0476 -0.8916 0.4504
vn 0.1055 -0.9841 -0.1430
vn 0.1297 -0.9837 -0.1242
vn -0.6953 -0.7144 0.0792
vn -0.9142 -0.1864 -0.3599
vn -0.7328 -0.3609 -0.5768
vn -0.9514 -0.2813 0.1252
vn -0.8978 0.2693 0.3484
vn -0.3348 -0.6683 0.6643
vn -0.5448 -0.4601 0.7011
vn -0.4505 -0.4355 0.7793
vn -0.3603 0.3660 0.8580
vn -0.5028 0.7005 0.5065
vn 0.0022 0.7445 0.6676
s 1
usemtl leaf_green.002
f 1677//636 1678//636 1679//636
f 1680//637 1681//637 1682//637
f 1683//638 1684//638 1685//638
f 1686//639 1687//639 1688//639
f 1689//640 1690//640 1691//640
f 1692//641 1693//641 1694//641
f 1695//642 1696//642 1697//642
f 1698//643 1699//643 1700//643
f 1701//644 1702//644 1703//644
f 1704//645 1705//645 1706//645
f 1707//646 1708//646 1709//646
f 1710//647 1711//647 1712//647
f 1713//648 1714//648 1715//648
f 1716//649 1717//649 1718//649
f 1719//650 1720//650 1721//650
f 1722//651 1723//651 1724//651
f 1725//652 1726//652 1727//652
f 1728//653 1729//653 1730//653
f 1731//654 1732//654 1733//654
f 1734//655 1735//655 1736//655
f 1737//656 1738//656 1739//656
f 1740//657 1741//657 1742//657
f 1743//658 1744//658 1745//658
f 1746//659 1747//659 1748//659
f 1749//660 1750//660 1751//660
f 1752//661 1753//661 1754//661
f 1755//662 1756//662 1757//662
f 1758//663 1759//663 1760//663
f 1761//664 1762//664 1763//664
f 1764//665 1765//665 1766//665
f 1767//666 1768//666 1769//666
f 1770//667 1771//667 1772//667
f 1773//668 1774//668 1775//668
f 1776//669 1777//669 1778//669
f 1779//670 1780//670 1781//670
f 1782//671 1783//671 1784//671
f 1785//672 1786//672 1787//672
f 1788//673 1789//673 1790//673
f 1791//674 1792//674 1793//674
f 1794//675 1795//675 1796//675
f 1797//676 1798//676 1799//676
f 1800//677 1801//677 1802//677
f 1803//678 1804//678 1805//678
f 1806//679 1807//679 1808//679
f 1809//680 1810//680 1811//680
f 1812//681 1813//681 1814//681
f 1815//682 1816//682 1817//682
f 1818//683 1819//683 1820//683
f 1821//684 1822//684 1823//684
f 1824//685 1825//685 1826//685
f 1827//686 1828//686 1829//686
f 1830//687 1831//687 1832//687
f 1833//688 1834//688 1835//688
f 1836//689 1837//689 1838//689
f 1839//690 1840//690 1841//690
f 1842//691 1843//691 1844//691
f 1845//692 1846//692 1847//692
f 1848//693 1849//693 1850//693
f 1851//694 1852//694 1853//694
f 1854//695 1855//695 1856//695
f 1857//696 1858//696 1859//696
f 1860//697 1861//697 1862//697
f 1863//698 1864//698 1865//698
f 1866//699 1867//699 1868//699
f 1869//700 1870//700 1871//700
f 1872//701 1873//701 1874//701
f 1875//702 1876//702 1877//702
f 1878//703 1879//703 1880//703
f 1881//704 1882//704 1883//704
f 1884//705 1885//705 1886//705
f 1887//706 1888//706 1889//706
f 1890//707 1891//707 1892//707
f 1893//708 1894//708 1895//708
f 1896//709 1897//709 1898//709
f 1899//710 1900//710 1901//710
f 1902//711 1903//711 1904//711
f 1905//712 1906//712 1907//712
f 1908//713 1909//713 1910//713
f 1911//714 1912//714 1913//714
f 1914//715 1915//715 1916//715
o Icosphere005_0
v 2.782721 -0.288273 -0.842047
v 3.225252 0.401976 -0.470878
v 2.744922 0.288125 -1.191218
v 3.556710 0.445280 -0.513333
v 3.225252 0.401976 -0.470878
v 3.677613 -0.224779 -0.398520
v 2.782721 -0.288273 -0.842047
v 2.744922 0.288125 -1.191218
v 2.646090 -0.375671 -1.692746
v 2.782721 -0.288273 -0.842047
v 2.646090 -0.375671 -1.692746
v 2.912145 -0.857727 -1.269251
v 2.782721 -0.288273 -0.842047
v 2.912145 -0.857727 -1.269251
v 3.417081 -0.498606 -0.619001
v 3.556710 0.445280 -0.513333
v 3.677613 -0.224779 -0.398520
v 4.024778 0.077086 -0.590329
v 2.685326 0.979670 -1.317396
v 3.187824 0.589702 -0.963401
v 3.280058 0.634579 -1.244466
v 2.645232 -0.040609 -1.975337
v 2.495543 0.490008 -1.802199
v 2.784911 0.675067 -2.167181
v 3.131357 -0.793053 -1.552579
v 2.904874 -0.590234 -1.995857
v 3.234933 -0.543991 -1.970887
v 3.782997 -0.606997 -0.797363
v 3.595683 -1.055104 -1.203105
v 3.920074 -0.703139 -1.187131
v 3.556710 0.445280 -0.513333
v 4.024778 0.077086 -0.590329
v 3.647573 0.545238 -0.843651
v 2.685326 0.979670 -1.317396
v 3.280058 0.634579 -1.244466
v 2.923161 0.842007 -1.615891
v 2.645232 -0.040609 -1.975337
v 2.784911 0.675067 -2.167181
v 2.972659 -0.137372 -2.080618
v 3.131357 -0.793053 -1.552579
v 3.234933 -0.543991 -1.970887
v 3.597038 -0.811142 -1.623317
v 3.782997 -0.606997 -0.797363
v 3.920074 -0.703139 -1.187131
v 4.053596 -0.332863 -0.788242
v 3.626277 0.761433 -1.224020
v 3.940094 0.362592 -1.179279
v 3.979482 0.632572 -1.591673
v 3.131682 0.992624 -1.972431
v 3.532947 0.786392 -1.634222
v 3.740714 0.547299 -2.081396
v 3.295188 -0.314476 -2.187143
v 3.325816 0.215723 -2.289381
v 3.602529 -0.148115 -2.239546
v 4.073631 -0.606649 -1.605391
v 3.819744 -0.508608 -2.005297
v 3.863029 -0.124417 -1.679007
v 4.136351 -0.194330 -0.898326
v 4.224399 -0.309763 -1.308828
v 3.907931 0.086178 -1.478812
v 3.907931 0.086178 -1.478812
v 3.863029 -0.124417 -1.679007
v 3.930705 0.209998 -1.817345
v 3.907931 0.086178 -1.478812
v 4.224399 -0.309763 -1.308828
v 3.863029 -0.124417 -1.679007
v 4.224399 -0.309763 -1.308828
v 4.073631 -0.606649 -1.605391
v 3.863029 -0.124417 -1.679007
v 3.863029 -0.124417 -1.679007
v 3.602529 -0.148115 -2.239546
v 3.930705 0.209998 -1.817345
v 3.863029 -0.124417 -1.679007
v 3.819744 -0.508608 -2.005297
v 3.602529 -0.148115 -2.239546
v 3.819744 -0.508608 -2.005297
v 3.295188 -0.314476 -2.187143
v 3.602529 -0.148115 -2.239546
v 3.602529 -0.148115 -2.239546
v 3.740714 0.547299 -2.081396
v 3.930705 0.209998 -1.817345
v 3.602529 -0.148115 -2.239546
v 3.325816 0.215723 -2.289381
v 3.740714 0.547299 -2.081396
v 3.325816 0.215723 -2.289381
v 3.131682 0.992624 -1.972431
v 3.740714 0.547299 -2.081396
v 3.740714 0.547299 -2.081396
v 3.979482 0.632572 -1.591673
v 3.930705 0.209998 -1.817345
v 3.740714 0.547299 -2.081396
v 3.532947 0.786392 -1.634222
v 3.979482 0.632572 -1.591673
v 3.532947 0.786392 -1.634222
v 3.626277 0.761433 -1.224020
v 3.979482 0.632572 -1.591673
v 3.979482 0.632572 -1.591673
v 3.907931 0.086178 -1.478812
v 3.930705 0.209998 -1.817345
v 3.979482 0.632572 -1.591673
v 3.940094 0.362592 -1.179279
v 3.907931 0.086178 -1.478812
v 3.940094 0.362592 -1.179279
v 4.136351 -0.194330 -0.898326
v 3.907931 0.086178 -1.478812
v 4.053596 -0.332863 -0.788242
v 4.224399 -0.309763 -1.308828
v 4.136351 -0.194330 -0.898326
v 4.053596 -0.332863 -0.788242
v 3.920074 -0.703139 -1.187131
v 4.224399 -0.309763 -1.308828
v 3.920074 -0.703139 -1.187131
v 4.073631 -0.606649 -1.605391
v 4.224399 -0.309763 -1.308828
v 3.597038 -0.811142 -1.623317
v 3.819744 -0.508608 -2.005297
v 4.073631 -0.606649 -1.605391
v 3.597038 -0.811142 -1.623317
v 3.234933 -0.543991 -1.970887
v 3.819744 -0.508608 -2.005297
v 3.234933 -0.543991 -1.970887
v 3.295188 -0.314476 -2.187143
v 3.819744 -0.508608 -2.005297
v 2.972659 -0.137372 -2.080618
v 3.325816 0.215723 -2.289381
v 3.295188 -0.314476 -2.187143
v 2.972659 -0.137372 -2.080618
v 2.784911 0.675067 -2.167181
v 3.325816 0.215723 -2.289381
v 2.784911 0.675067 -2.167181
v 3.131682 0.992624 -1.972431
v 3.325816 0.215723 -2.289381
v 2.923161 0.842007 -1.615891
v 3.532947 0.786392 -1.634222
v 3.131682 0.992624 -1.972431
v 2.923161 0.842007 -1.615891
v 3.280058 0.634579 -1.244466
v 3.532947 0.786392 -1.634222
v 3.280058 0.634579 -1.244466
v 3.626277 0.761433 -1.224020
v 3.532947 0.786392 -1.634222
v 3.647573 0.545238 -0.843651
v 3.940094 0.362592 -1.179279
v 3.626277 0.761433 -1.224020
v 3.647573 0.545238 -0.843651
v 4.024778 0.077086 -0.590329
v 3.940094 0.362592 -1.179279
v 4.024778 0.077086 -0.590329
v 4.136351 -0.194330 -0.898326
v 3.940094 0.362592 -1.179279
v 3.920074 -0.703139 -1.187131
v 3.597038 -0.811142 -1.623317
v 4.073631 -0.606649 -1.605391
v 3.920074 -0.703139 -1.187131
v 3.595683 -1.055104 -1.203105
v 3.597038 -0.811142 -1.623317
v 3.595683 -1.055104 -1.203105
v 3.131357 -0.793053 -1.552579
v 3.597038 -0.811142 -1.623317
v 3.234933 -0.543991 -1.970887
v 2.972659 -0.137372 -2.080618
v 3.295188 -0.314476 -2.187143
v 3.234933 -0.543991 -1.970887
v 2.904874 -0.590234 -1.995857
v 2.972659 -0.137372 -2.080618
v 2.904874 -0.590234 -1.995857
v 2.645232 -0.040609 -1.975337
v 2.972659 -0.137372 -2.080618
v 2.784911 0.675067 -2.167181
v 2.923161 0.842007 -1.615891
v 3.131682 0.992624 -1.972431
v 2.784911 0.675067 -2.167181
v 2.495543 0.490008 -1.802199
v 2.923161 0.842007 -1.615891
v 2.495543 0.490008 -1.802199
v 2.685326 0.979670 -1.317396
v 2.923161 0.842007 -1.615891
v 3.280058 0.634579 -1.244466
v 3.647573 0.545238 -0.843651
v 3.626277 0.761433 -1.224020
v 3.280058 0.634579 -1.244466
v 3.187824 0.589702 -0.963401
v 3.647573 0.545238 -0.843651
v 3.187824 0.589702 -0.963401
v 3.556710 0.445280 -0.513333
v 3.647573 0.545238 -0.843651
v 4.024778 0.077086 -0.590329
v 4.053596 -0.332863 -0.788242
v 4.136351 -0.194330 -0.898326
v 4.024778 0.077086 -0.590329
v 3.677613 -0.224779 -0.398520
v 4.053596 -0.332863 -0.788242
v 3.677613 -0.224779 -0.398520
v 3.782997 -0.606997 -0.797363
v 4.053596 -0.332863 -0.788242
v 3.417081 -0.498606 -0.619001
v 3.595683 -1.055104 -1.203105
v 3.782997 -0.606997 -0.797363
v 3.417081 -0.498606 -0.619001
v 2.912145 -0.857727 -1.269251
v 3.595683 -1.055104 -1.203105
v 2.912145 -0.857727 -1.269251
v 3.131357 -0.793053 -1.552579
v 3.595683 -1.055104 -1.203105
v 2.912145 -0.857727 -1.269251
v 2.904874 -0.590234 -1.995857
v 3.131357 -0.793053 -1.552579
v 2.912145 -0.857727 -1.269251
v 2.646090 -0.375671 -1.692746
v 2.904874 -0.590234 -1.995857
v 2.646090 -0.375671 -1.692746
v 2.645232 -0.040609 -1.975337
v 2.904874 -0.590234 -1.995857
v 2.646090 -0.375671 -1.692746
v 2.495543 0.490008 -1.802199
v 2.645232 -0.040609 -1.975337
v 2.646090 -0.375671 -1.692746
v 2.744922 0.288125 -1.191218
v 2.495543 0.490008 -1.802199
v 2.744922 0.288125 -1.191218
v 2.685326 0.979670 -1.317396
v 2.495543 0.490008 -1.802199
v 3.677613 -0.224779 -0.398520
v 3.417081 -0.498606 -0.619001
v 3.782997 -0.606997 -0.797363
v 3.677613 -0.224779 -0.398520
v 3.225252 0.401976 -0.470878
v 3.417081 -0.498606 -0.619001
v 3.225252 0.401976 -0.470878
v 2.782721 -0.288273 -0.842047
v 3.417081 -0.498606 -0.619001
v 2.744922 0.288125 -1.191218
v 3.187824 0.589702 -0.963401
v 2.685326 0.979670 -1.317396
v 2.744922 0.288125 -1.191218
v 3.225252 0.401976 -0.470878
v 3.187824 0.589702 -0.963401
v 3.225252 0.401976 -0.470878
v 3.556710 0.445280 -0.513333
v 3.187824 0.589702 -0.963401
vn -0.8227 0.2541 0.5085
vn 0.1009 0.1857 0.9774
vn -0.9874 0.0295 0.1556
vn -0.9199 -0.3466 0.1834
vn -0.4350 -0.6015 0.6700
vn 0.3216 0.2160 0.9219
vn 0.4549 0.8440 0.2840
vn -0.7796 -0.0157 -0.6260
vn 0.1572 -0.8652 -0.4762
vn 0.6678 -0.6333 0.3911
vn 0.6099 0.6962 0.3785
vn 0.5018 0.8650 0.0009
vn -0.3486 -0.1786 -0.9201
vn -0.1130 -0.8412 -0.5288
vn 0.6490 -0.6536 0.3895
vn 0.6780 0.5836 0.4468
vn 0.5612 0.8096 -0.1721
vn -0.0669 -0.1852 -0.9804
vn 0.8376 0.2957 -0.4593
vn 0.7826 0.6225 -0.0072
vn 0.9795 -0.2014 -0.0078
vn 0.7510 0.3637 -0.5511
vn 0.7517 0.2342 -0.6166
vn 0.8602 -0.3336 -0.3857
vn 0.8726 0.2553 -0.4163
vn 0.1180 -0.4901 -0.8636
vn 0.7982 -0.0217 -0.6020
vn 0.3516 0.1406 -0.9255
vn 0.1323 0.4026 -0.9058
vn 0.8801 0.1406 -0.4536
vn 0.3357 0.8866 -0.3181
vn 0.3271 0.9448 -0.0169
vn 0.9919 -0.1256 0.0208
vn 0.9918 -0.1276 0.0112
vn 0.9413 0.1916 -0.2778
vn 0.9055 -0.3160 0.2831
vn 0.8024 -0.5468 0.2390
vn 0.8041 -0.5716 0.1634
vn 0.3687 -0.8212 -0.4354
vn 0.0113 -0.7871 -0.6168
vn -0.0014 -0.6856 -0.7280
vn -0.3848 -0.1533 -0.9102
vn -0.3603 -0.1808 -0.9152
vn 0.1384 0.4036 -0.9044
vn 0.0948 0.8960 0.4339
vn 0.0950 0.9052 0.4142
vn -0.3479 0.9277 0.1356
vn 0.7313 0.6097 0.3056
vn 0.6924 0.6833 0.2317
vn 0.9372 0.3472 0.0335
vn 0.3955 -0.9161 -0.0661
vn 0.6942 -0.6235 -0.3597
vn -0.1092 -0.8595 -0.4993
vn -0.5103 -0.5150 -0.6888
vn 0.1015 -0.1977 -0.9750
vn -0.3368 -0.1243 -0.9333
vn -0.6541 0.7537 -0.0642
vn -0.6108 0.7872 -0.0852
vn -0.3350 0.7253 -0.6014
vn -0.3266 0.8138 0.4808
vn 0.0500 0.9836 0.1734
vn 0.0160 0.9558 0.2936
vn 0.8749 -0.1593 0.4573
vn 0.6456 -0.2948 0.7045
vn 0.5255 -0.5406 0.6569
vn 0.1375 -0.6958 0.7050
vn -0.2726 -0.7368 0.6187
vn -0.2230 -0.8987 -0.3777
vn -0.1653 -0.9261 -0.3393
vn -0.7612 -0.6110 -0.2173
vn -0.8194 -0.3708 -0.4371
vn -0.9540 -0.1947 -0.2280
vn -0.9324 -0.1190 0.3413
vn -0.9271 -0.0115 0.3746
vn 0.1367 -0.6969 0.7040
vn -0.4680 -0.2396 0.8506
vn -0.3897 -0.2297 0.8918
vn -0.5133 0.1110 0.8510
vn -0.6396 0.7008 0.3157
vn -0.0754 0.9298 0.3601
s 1
usemtl leaf_green.005
f 1917//716 1918//716 1919//716
f 1920//717 1921//717 1922//717
f 1923//718 1924//718 1925//718
f 1926//719 1927//719 1928//719
f 1929//720 1930//720 1931//720
f 1932//721 1933//721 1934//721
f 1935//722 1936//722 1937//722
f 1938//723 1939//723 1940//723
f 1941//724 1942//724 1943//724
f 1944//725 1945//725 1946//725
f 1947//726 1948//726 1949//726
f 1950//727 1951//727 1952//727
f 1953//728 1954//728 1955//728
f 1956//729 1957//729 1958//729
f 1959//730 1960//730 1961//730
f 1962//731 1963//731 1964//731
f 1965//732 1966//732 1967//732
f 1968//733 1969//733 1970//733
f 1971//734 1972//734 1973//734
f 1974//735 1975//735 1976//735
f 1977//736 1978//736 1979//736
f 1980//737 1981//737 1982//737
f 1983//738 1984//738 1985//738
f 1986//739 1987//739 1988//739
f 1989//740 1990//740 1991//740
f 1992//741 1993//741 1994//741
f 1995//742 1996//742 1997//742
f 1998//743 1999//743 2000//743
f 2001//744 2002//744 2003//744
f 2004//745 2005//745 2006//745
f 2007//746 2008//746 2009//746
f 2010//747 2011//747 2012//747
f 2013//748 2014//748 2015//748
f 2016//749 2017//749 2018//749
f 2019//750 2020//750 2021//750
f 2022//751 2023//751 2024//751
f 2025//752 2026//752 2027//752
f 2028//753 2029//753 2030//753
f 2031//754 2032//754 2033//754
f 2034//755 2035//755 2036//755
f 2037//756 2038//756 2039//756
f 2040//757 2041//757 2042//757
f 2043//758 2044//758 2045//758
f 2046//759 2047//759 2048//759
f 2049//760 2050//760 2051//760
f 2052//761 2053//761 2054//761
f 2055//762 2056//762 2057//762
f 2058//763 2059//763 2060//763
f 2061//764 2062//764 2063//764
f 2064//765 2065//765 2066//765
f 2067//766 2068//766 2069//766
f 2070//767 2071//767 2072//767
f 2073//768 2074//768 2075//768
f 2076//769 2077//769 2078//769
f 2079//770 2080//770 2081//770
f 2082//771 2083//771 2084//771
f 2085//772 2086//772 2087//772
f 2088//773 2089//773 2090//773
f 2091//774 2092//774 2093//774
f 2094//775 2095//775 2096//775
f 2097//776 2098//776 2099//776
f 2100//777 2101//777 2102//777
f 2103//778 2104//778 2105//778
f 2106//779 2107//779 2108//779
f 2109//780 2110//780 2111//780
f 2112//781 2113//781 2114//781
f 2115//782 2116//782 2117//782
f 2118//783 2119//783 2120//783
f 2121//784 2122//784 2123//784
f 2124//785 2125//785 2126//785
f 2127//786 2128//786 2129//786
f 2130//787 2131//787 2132//787
f 2133//788 2134//788 2135//788
f 2136//789 2137//789 2138//789
f 2139//790 2140//790 2141//790
f 2142//791 2143//791 2144//791
f 2145//792 2146//792 2147//792
f 2148//793 2149//793 2150//793
f 2151//794 2152//794 2153//794
f 2154//795 2155//795 2156//795
o Icosphere_0
v 2.612102 1.406240 -0.909593
v 3.254701 2.188247 -0.681475
v 2.597584 2.163921 -1.316314
v 3.590463 2.232117 -0.724479
v 3.254701 2.188247 -0.681475
v 3.712935 1.553353 -0.608178
v 2.612102 1.406240 -0.909593
v 2.597584 2.163921 -1.316314
v 2.471083 1.314275 -1.958264
v 2.612102 1.406240 -0.909593
v 2.471083 1.314275 -1.958264
v 2.937527 0.912184 -1.490216
v 2.612102 1.406240 -0.909593
v 2.937527 0.912184 -1.490216
v 3.457940 1.156918 -0.583885
v 3.590463 2.232117 -0.724479
v 3.712935 1.553353 -0.608178
v 4.064610 1.859138 -0.802480
v 2.707760 2.773446 -1.538988
v 3.164493 2.549935 -1.024709
v 3.282551 2.607377 -1.384469
v 2.469982 1.743146 -2.319973
v 2.515512 2.277426 -2.030089
v 2.808641 2.464887 -2.399813
v 3.159585 0.977697 -1.777228
v 2.802322 1.039636 -2.346241
v 3.224791 1.098828 -2.314274
v 3.926303 1.018180 -0.812186
v 3.446707 0.948496 -1.364572
v 3.958549 1.068779 -1.407032
v 3.590463 2.232117 -0.724479
v 4.064610 1.859138 -0.802480
v 3.682506 2.333371 -1.059092
v 2.707760 2.773446 -1.538988
v 3.282551 2.607377 -1.384469
v 2.948688 2.633996 -1.841362
v 2.469982 1.743146 -2.319973
v 2.808641 2.464887 -2.399813
v 2.889085 1.619293 -2.454731
v 3.159585 0.977697 -1.777228
v 3.224791 1.098828 -2.314274
v 3.631319 0.959370 -1.848883
v 3.926303 1.018180 -0.812186
v 3.958549 1.068779 -1.407032
v 4.093807 1.443864 -1.002962
v 3.695682 2.388184 -1.490669
v 4.127387 2.259237 -1.301032
v 4.018730 2.421837 -1.816829
v 3.159913 2.786568 -2.202532
v 3.566394 2.577661 -1.859931
v 3.872184 2.495659 -2.455724
v 3.301918 1.392601 -2.591082
v 3.341122 2.071249 -2.721943
v 3.636878 1.631015 -2.473117
v 4.114100 1.166521 -1.830724
v 3.856913 1.265837 -2.235828
v 4.028743 1.635875 -1.940676
v 4.282807 1.741360 -0.958116
v 4.266828 1.467263 -1.530312
v 4.086218 1.905432 -1.684431
v 4.086218 1.905432 -1.684431
v 4.028743 1.635875 -1.940676
v 4.115368 2.063921 -2.117745
v 4.086218 1.905432 -1.684431
v 4.266828 1.467263 -1.530312
v 4.028743 1.635875 -1.940676
v 4.266828 1.467263 -1.530312
v 4.114100 1.166521 -1.830724
v 4.028743 1.635875 -1.940676
v 4.028743 1.635875 -1.940676
v 3.636878 1.631015 -2.473117
v 4.115368 2.063921 -2.117745
v 4.028743 1.635875 -1.940676
v 3.856913 1.265837 -2.235828
v 3.636878 1.631015 -2.473117
v 3.856913 1.265837 -2.235828
v 3.301918 1.392601 -2.591082
v 3.636878 1.631015 -2.473117
v 3.636878 1.631015 -2.473117
v 3.872184 2.495659 -2.455724
v 4.115368 2.063921 -2.117745
v 3.636878 1.631015 -2.473117
v 3.341122 2.071249 -2.721943
v 3.872184 2.495659 -2.455724
v 3.341122 2.071249 -2.721943
v 3.159913 2.786568 -2.202532
v 3.872184 2.495659 -2.455724
v 3.872184 2.495659 -2.455724
v 4.018730 2.421837 -1.816829
v 4.115368 2.063921 -2.117745
v 3.872184 2.495659 -2.455724
v 3.566394 2.577661 -1.859931
v 4.018730 2.421837 -1.816829
v 3.566394 2.577661 -1.859931
v 3.695682 2.388184 -1.490669
v 4.018730 2.421837 -1.816829
v 4.018730 2.421837 -1.816829
v 4.086218 1.905432 -1.684431
v 4.115368 2.063921 -2.117745
v 4.018730 2.421837 -1.816829
v 4.127387 2.259237 -1.301032
v 4.086218 1.905432 -1.684431
v 4.127387 2.259237 -1.301032
v 4.282807 1.741360 -0.958116
v 4.086218 1.905432 -1.684431
v 4.093807 1.443864 -1.002962
v 4.266828 1.467263 -1.530312
v 4.282807 1.741360 -0.958116
v 4.093807 1.443864 -1.002962
v 3.958549 1.068779 -1.407032
v 4.266828 1.467263 -1.530312
v 3.958549 1.068779 -1.407032
v 4.114100 1.166521 -1.830724
v 4.266828 1.467263 -1.530312
v 3.631319 0.959370 -1.848883
v 3.856913 1.265837 -2.235828
v 4.114100 1.166521 -1.830724
v 3.631319 0.959370 -1.848883
v 3.224791 1.098828 -2.314274
v 3.856913 1.265837 -2.235828
v 3.224791 1.098828 -2.314274
v 3.301918 1.392601 -2.591082
v 3.856913 1.265837 -2.235828
v 2.889085 1.619293 -2.454731
v 3.341122 2.071249 -2.721943
v 3.301918 1.392601 -2.591082
v 2.889085 1.619293 -2.454731
v 2.808641 2.464887 -2.399813
v 3.341122 2.071249 -2.721943
v 2.808641 2.464887 -2.399813
v 3.159913 2.786568 -2.202532
v 3.341122 2.071249 -2.721943
v 2.948688 2.633996 -1.841362
v 3.566394 2.577661 -1.859931
v 3.159913 2.786568 -2.202532
v 2.948688 2.633996 -1.841362
v 3.282551 2.607377 -1.384469
v 3.566394 2.577661 -1.859931
v 3.282551 2.607377 -1.384469
v 3.695682 2.388184 -1.490669
v 3.566394 2.577661 -1.859931
v 3.682506 2.333371 -1.059092
v 4.127387 2.259237 -1.301032
v 3.695682 2.388184 -1.490669
v 3.682506 2.333371 -1.059092
v 4.064610 1.859138 -0.802480
v 4.127387 2.259237 -1.301032
v 4.064610 1.859138 -0.802480
v 4.282807 1.741360 -0.958116
v 4.127387 2.259237 -1.301032
v 3.958549 1.068779 -1.407032
v 3.631319 0.959370 -1.848883
v 4.114100 1.166521 -1.830724
v 3.958549 1.068779 -1.407032
v 3.446707 0.948496 -1.364572
v 3.631319 0.959370 -1.848883
v 3.446707 0.948496 -1.364572
v 3.159585 0.977697 -1.777228
v 3.631319 0.959370 -1.848883
v 3.224791 1.098828 -2.314274
v 2.889085 1.619293 -2.454731
v 3.301918 1.392601 -2.591082
v 3.224791 1.098828 -2.314274
v 2.802322 1.039636 -2.346241
v 2.889085 1.619293 -2.454731
v 2.802322 1.039636 -2.346241
v 2.469982 1.743146 -2.319973
v 2.889085 1.619293 -2.454731
v 2.808641 2.464887 -2.399813
v 2.948688 2.633996 -1.841362
v 3.159913 2.786568 -2.202532
v 2.808641 2.464887 -2.399813
v 2.515512 2.277426 -2.030089
v 2.948688 2.633996 -1.841362
v 2.515512 2.277426 -2.030089
v 2.707760 2.773446 -1.538988
v 2.948688 2.633996 -1.841362
v 3.282551 2.607377 -1.384469
v 3.682506 2.333371 -1.059092
v 3.695682 2.388184 -1.490669
v 3.282551 2.607377 -1.384469
v 3.164493 2.549935 -1.024709
v 3.682506 2.333371 -1.059092
v 3.164493 2.549935 -1.024709
v 3.590463 2.232117 -0.724479
v 3.682506 2.333371 -1.059092
v 4.064610 1.859138 -0.802480
v 4.093807 1.443864 -1.002962
v 4.282807 1.741360 -0.958116
v 4.064610 1.859138 -0.802480
v 3.712935 1.553353 -0.608178
v 4.093807 1.443864 -1.002962
v 3.712935 1.553353 -0.608178
v 3.926303 1.018180 -0.812186
v 4.093807 1.443864 -1.002962
v 3.457940 1.156918 -0.583885
v 3.446707 0.948496 -1.364572
v 3.926303 1.018180 -0.812186
v 3.457940 1.156918 -0.583885
v 2.937527 0.912184 -1.490216
v 3.446707 0.948496 -1.364572
v 2.937527 0.912184 -1.490216
v 3.159585 0.977697 -1.777228
v 3.446707 0.948496 -1.364572
v 2.937527 0.912184 -1.490216
v 2.802322 1.039636 -2.346241
v 3.159585 0.977697 -1.777228
v 2.937527 0.912184 -1.490216
v 2.471083 1.314275 -1.958264
v 2.802322 1.039636 -2.346241
v 2.471083 1.314275 -1.958264
v 2.469982 1.743146 -2.319973
v 2.802322 1.039636 -2.346241
v 2.471083 1.314275 -1.958264
v 2.515512 2.277426 -2.030089
v 2.469982 1.743146 -2.319973
v 2.471083 1.314275 -1.958264
v 2.597584 2.163921 -1.316314
v 2.515512 2.277426 -2.030089
v 2.597584 2.163921 -1.316314
v 2.707760 2.773446 -1.538988
v 2.515512 2.277426 -2.030089
v 3.712935 1.553353 -0.608178
v 3.457940 1.156918 -0.583885
v 3.926303 1.018180 -0.812186
v 3.712935 1.553353 -0.608178
v 3.254701 2.188247 -0.681475
v 3.457940 1.156918 -0.583885
v 3.254701 2.188247 -0.681475
v 2.612102 1.406240 -0.909593
v 3.457940 1.156918 -0.583885
v 2.597584 2.163921 -1.316314
v 3.164493 2.549935 -1.024709
v 2.707760 2.773446 -1.538988
v 2.597584 2.163921 -1.316314
v 3.254701 2.188247 -0.681475
v 3.164493 2.549935 -1.024709
v 3.254701 2.188247 -0.681475
v 3.590463 2.232117 -0.724479
v 3.164493 2.549935 -1.024709
vn -0.6585 0.3461 0.6683
vn 0.1009 0.1857 0.9774
vn -0.9904 0.0502 0.1288
vn -0.7303 -0.6650 0.1565
vn -0.4073 -0.7955 0.4487
vn 0.3216 0.2160 0.9219
vn 0.2150 0.9510 0.2224
vn -0.8141 0.3290 -0.4786
vn 0.1508 -0.9681 -0.2001
vn 0.2226 -0.9723 -0.0706
vn 0.6099 0.6962 0.3785
vn 0.3169 0.9318 -0.1772
vn -0.2969 0.0337 -0.9543
vn -0.0723 -0.9710 -0.2278
vn 0.9334 -0.3583 0.0201
vn 0.1677 0.9498 0.2641
vn 0.4012 0.9124 0.0803
vn 0.4460 -0.1942 -0.8737
vn 0.8471 0.0298 -0.5305
vn 0.9302 0.3203 -0.1794
vn 0.9795 -0.2014 -0.0078
vn 0.8805 0.2142 -0.4228
vn 0.8719 0.0443 -0.4877
vn 0.7475 -0.3774 -0.5467
vn 0.8010 0.0990 -0.5904
vn 0.4787 -0.2571 -0.8395
vn 0.6827 -0.1715 -0.7103
vn 0.5228 -0.1253 -0.8432
vn -0.0535 0.5778 -0.8144
vn 0.9089 0.3834 -0.1642
vn 0.3225 0.9459 0.0353
vn 0.2726 0.8914 0.3620
vn 0.9793 0.1599 0.1243
vn 0.9801 0.0818 -0.1807
vn 0.9635 0.1370 -0.2299
vn 0.8028 -0.5461 0.2392
vn 0.8024 -0.5468 0.2390
vn 0.8041 -0.5716 0.1634
vn 0.3687 -0.8212 -0.4354
vn 0.2790 -0.8253 -0.4910
vn 0.2668 -0.6971 -0.6655
vn -0.3848 -0.1533 -0.9102
vn -0.5139 0.0068 -0.8578
vn -0.0684 0.5748 -0.8154
vn 0.0948 0.8960 0.4339
vn 0.0906 0.9959 -0.0082
vn 0.5031 0.8277 0.2486
vn 0.2311 0.9643 0.1295
vn 0.4364 0.6741 0.5959
vn 0.6619 0.5417 0.5181
vn 0.3955 -0.9161 -0.0661
vn 0.2335 -0.9700 0.0672
vn -0.0448 -0.9982 -0.0395
vn -0.5103 -0.5150 -0.6888
vn 0.1015 -0.1977 -0.9750
vn -0.3368 -0.1243 -0.9333
vn -0.6541 0.7537 -0.0642
vn -0.6108 0.7872 -0.0852
vn -0.3350 0.7253 -0.6014
vn 0.4898 0.8629 0.1245
vn 0.3867 0.8825 0.2678
vn 0.3799 0.8512 0.3621
vn 0.3944 -0.3769 0.8381
vn 0.6456 -0.2947 0.7045
vn 0.7229 0.0250 0.6905
vn -0.1573 -0.9536 0.2568
vn 0.0053 -0.9662 0.2579
vn 0.1055 -0.9841 -0.1430
vn 0.0838 -0.9836 -0.1597
vn -0.6462 -0.7631 -0.0115
vn -0.8194 -0.3708 -0.4371
vn -0.9967 0.0507 0.0631
vn -0.9909 0.0549 0.1227
vn -0.9626 0.2277 0.1469
vn 0.3837 -0.1914 0.9034
vn -0.0395 0.0864 0.9955
vn -0.3545 0.0186 0.9349
vn -0.6107 0.3668 0.7018
vn -0.6304 0.4458 0.6355
vn 0.0029 0.6887 0.7250
s 1
usemtl leaf_green.003
f 2157//796 2158//796 2159//796
f 2160//797 2161//797 2162//797
f 2163//798 2164//798 2165//798
f 2166//799 2167//799 2168//799
f 2169//800 2170//800 2171//800
f 2172//801 2173//801 2174//801
f 2175//802 2176//802 2177//802
f 2178//803 2179//803 2180//803
f 2181//804 2182//804 2183//804
f 2184//805 2185//805 2186//805
f 2187//806 2188//806 2189//806
f 2190//807 2191//807 2192//807
f 2193//808 2194//808 2195//808
f 2196//809 2197//809 2198//809
f 2199//810 2200//810 2201//810
f 2202//811 2203//811 2204//811
f 2205//812 2206//812 2207//812
f 2208//813 2209//813 2210//813
f 2211//814 2212//814 2213//814
f 2214//815 2215//815 2216//815
f 2217//816 2218//816 2219//816
f 2220//817 2221//817 2222//817
f 2223//818 2224//818 2225//818
f 2226//819 2227//819 2228//819
f 2229//820 2230//820 2231//820
f 2232//821 2233//821 2234//821
f 2235//822 2236//822 2237//822
f 2238//823 2239//823 2240//823
f 2241//824 2242//824 2243//824
f 2244//825 2245//825 2246//825
f 2247//826 2248//826 2249//826
f 2250//827 2251//827 2252//827
f 2253//828 2254//828 2255//828
f 2256//829 2257//829 2258//829
f 2259//830 2260//830 2261//830
f 2262//831 2263//831 2264//831
f 2265//832 2266//832 2267//832
f 2268//833 2269//833 2270//833
f 2271//834 2272//834 2273//834
f 2274//835 2275//835 2276//835
f 2277//836 2278//836 2279//836
f 2280//837 2281//837 2282//837
f 2283//838 2284//838 2285//838
f 2286//839 2287//839 2288//839
f 2289//840 2290//840 2291//840
f 2292//841 2293//841 2294//841
f 2295//842 2296//842 2297//842
f 2298//843 2299//843 2300//843
f 2301//844 2302//844 2303//844
f 2304//845 2305//845 2306//845
f 2307//846 2308//846 2309//846
f 2310//847 2311//847 2312//847
f 2313//848 2314//848 2315//848
f 2316//849 2317//849 2318//849
f 2319//850 2320//850 2321//850
f 2322//851 2323//851 2324//851
f 2325//852 2326//852 2327//852
f 2328//853 2329//853 2330//853
f 2331//854 2332//854 2333//854
f 2334//855 2335//855 2336//855
f 2337//856 2338//856 2339//856
f 2340//857 2341//857 2342//857
f 2343//858 2344//858 2345//858
f 2346//859 2347//859 2348//859
f 2349//860 2350//860 2351//860
f 2352//861 2353//861 2354//861
f 2355//862 2356//862 2357//862
f 2358//863 2359//863 2360//863
f 2361//864 2362//864 2363//864
f 2364//865 2365//865 2366//865
f 2367//866 2368//866 2369//866
f 2370//867 2371//867 2372//867
f 2373//868 2374//868 2375//868
f 2376//869 2377//869 2378//869
f 2379//870 2380//870 2381//870
f 2382//871 2383//871 2384//871
f 2385//872 2386//872 2387//872
f 2388//873 2389//873 2390//873
f 2391//874 2392//874 2393//874
f 2394//875 2395//875 2396//875
