<?xml version="1.0" encoding="utf-8" ?>
<COLLADA xmlns="http://www.collada.org/2005/11/COLLADASchema" version="1.4.1">
    <asset>
        <contributor>
            <authoring_tool>ctmconv</authoring_tool>
            <comments></comments>
        </contributor>
        <created>2026-05-16T18:51:47</created>
        <modified>2026-05-16T18:51:47</modified>
    </asset>
    <library_geometries>
        <geometry id="Mesh-1" name="Mesh-1">
            <mesh>
                <source id="Mesh-1-positions" name="position">
                    <float_array id="Mesh-1-positions-array" count="7188">1.95063 0.684753 1.96906 2.09063 0.693684 2.10452 2.14003 0.708434 2.07121 2.00822 0.700994 1.92739 2.00822 0.700994 1.92739 2.14003 0.708434 2.07121 2.18887 0.685476 2.04198 2.06723 0.672922 1.89505 2.06723 0.672922 1.89505 2.18887 0.685476 2.04198 2.21849 0.633579 2.02799 2.10164 0.610731 1.87899 2.10164 0.610731 1.87899 2.21849 0.633579 2.02799 2.21759 0.572566 2.03458 2.09964 0.538376 1.8874 2.09964 0.538376 1.8874 2.21759 0.572566 2.03458 2.1865 0.525743 2.05924 2.06199 0.483495 1.91708 2.06199 0.483495 1.91708 2.1865 0.525743 2.05924 2.1371 0.510992 2.09254 2.00307 0.467051 1.95668 2.00307 0.467051 1.95668 2.1371 0.510992 2.09254 2.08826 0.53395 2.12177 1.9454 0.495326 1.99109 1.9454 0.495326 1.99109 2.08826 0.53395 2.12177 2.05863 0.585847 2.13576 1.91098 0.557518 2.00715 2.1865 0.525743 2.05924 2.21759 0.572566 2.03458 2.42931 0.623386 2.34716 2.41222 0.597641 2.36072 1.91098 0.557518 2.00715 2.05863 0.585847 2.13576 2.05954 0.64686 2.12917 1.91299 0.629872 1.99874 1.91299 0.629872 1.99874 2.05954 0.64686 2.12917 2.09063 0.693684 2.10452 1.95063 0.684753 1.96906 0.698098 0.348587 0.302218 0.831913 0.41833 0.209074 0.979022 0.379306 0.118068 1.08323 0.246421 0.063959 1.10474 0.070434 0.067416 1.03533 -0.081435 0.127118 0.90152 -0.151177 0.220261 0.754411 -0.112154 0.311268 0.650199 0.020731 0.365377 0.628689 0.196718 0.36192 1.02367 0.409094 0.524076 0.831913 0.41833 0.209074 0.698098 0.348587 0.302218 0.931664 0.351045 0.589111 0.931664 0.351045 0.589111 1.14938 0.40532 0.906185 1.22051 0.462069 0.854738 1.02367 0.409094 0.524076 1.14938 0.40532 0.906185 1.36045 0.473717 1.22266 1.41663 0.530131 1.18088 1.22051 0.462069 0.854738 1.36045 0.473717 1.22266 1.56 0.549835 1.54541 1.60992 0.611164 1.50719 1.41663 0.530131 1.18088 1.81065 0.675823 1.83359 1.6753 0.648972 1.6924 1.16305 0.877376 1.97055 1.26838 0.851599 2.02391 0.628689 0.196718 0.36192 0.88896 0.238143 0.627759 0.931664 0.351045 0.589111 0.698098 0.348587 0.302218 0.88896 0.238143 0.627759 1.12227 0.30806 0.93324 1.14938 0.40532 0.906185 0.931664 0.351045 0.589111 1.12227 0.30806 0.93324 1.3448 0.387157 1.24127 1.36045 0.473717 1.22266 1.14938 0.40532 0.906185 1.3448 0.387157 1.24127 1.55165 0.463503 1.55929 1.56 0.549835 1.54541 1.36045 0.473717 1.22266 1.76334 0.52919 1.87852 1.76644 0.612886 1.86828 1.26547 0.807492 2.08098 1.24374 0.733724 2.07565 0.650199 0.020731 0.365377 0.911871 0.113512 0.625256 0.88896 0.238143 0.627759 0.628689 0.196718 0.36192 0.911871 0.113512 0.625256 1.14953 0.20744 0.925569 1.12227 0.30806 0.93324 0.88896 0.238143 0.627759 1.14953 0.20744 0.925569 1.37566 0.303513 1.22961 1.3448 0.387157 1.24127 1.12227 0.30806 0.93324 1.37566 0.303513 1.22961 1.58807 0.385144 1.54352 1.55165 0.463503 1.55929 1.3448 0.387157 1.24127 1.65535 0.344687 1.50413 1.7622 0.383899 1.66246 1.43603 -0.1154 1.99306 1.34005 -0.15055 1.94819 0.754411 -0.112154 0.311268 0.991644 0.024757 0.582561 0.911871 0.113512 0.625256 0.650199 0.020731 0.365377 0.991644 0.024757 0.582561 1.22075 0.141893 0.886104 1.14953 0.20744 0.925569 0.911871 0.113512 0.625256 1.22075 0.141893 0.886104 1.44123 0.254737 1.19213 1.37566 0.303513 1.22961 1.14953 0.20744 0.925569 1.44123 0.254737 1.19213 1.65535 0.344687 1.50413 1.58807 0.385144 1.54352 1.37566 0.303513 1.22961 1.58807 0.385144 1.54352 1.65535 0.344687 1.50413 1.34005 -0.15055 1.94819 1.26201 -0.114031 1.97554 0.90152 -0.151177 0.220261 1.09781 0.005779 0.515979 0.991644 0.024757 0.582561 0.754411 -0.112154 0.311268 1.09781 0.005779 0.515979 1.30873 0.136455 0.829917 1.22075 0.141893 0.886104 0.991644 0.024757 0.582561 1.30873 0.136455 0.829917 1.51648 0.259457 1.14315 1.44123 0.254737 1.19213 1.22075 0.141893 0.886104 1.51648 0.259457 1.14315 1.7278 0.357588 1.45615 1.65535 0.344687 1.50413 1.44123 0.254737 1.19213 1.9817 0.504185 1.7402 1.93749 0.441249 1.7749 2.07594 0.026516 1.75094 2.09851 0.076957 1.68177 1.03533 -0.081435 0.127118 1.18981 0.063827 0.450945 1.09781 0.005779 0.515979 0.90152 -0.151177 0.220261 1.18981 0.063827 0.450945 1.37986 0.193205 0.77847 1.30873 0.136455 0.829917 1.09781 0.005779 0.515979 1.37986 0.193205 0.77847 1.57266 0.315872 1.10137 1.51648 0.259457 1.14315 1.30873 0.136455 0.829917 1.57266 0.315872 1.10137 1.77772 0.418917 1.41792 1.7278 0.357588 1.45615 1.51648 0.259457 1.14315 1.87971 0.461551 1.57906 1.9817 0.504185 1.7402 2.09851 0.076957 1.68177 2.10267 0.009767 1.53711 1.10474 0.070434 0.067416 1.23252 0.176731 0.412297 1.18981 0.063827 0.450945 1.03533 -0.081435 0.127118 1.23252 0.176731 0.412297 1.40697 0.290463 0.751415 1.37986 0.193205 0.77847 1.18981 0.063827 0.450945 1.40697 0.290463 0.751415 1.58831 0.402432 1.08276 1.57266 0.315872 1.10137 1.37986 0.193205 0.77847 1.58831 0.402432 1.08276 1.78607 0.50525 1.40404 1.77772 0.418917 1.41792 1.57266 0.315872 1.10137 1.86547 0.615391 1.57309 1.9456 0.660369 1.7481 2.68124 0.756395 1.43043 2.66826 0.780626 1.32505 1.08323 0.246421 0.063959 1.2096 0.301362 0.4148 1.23252 0.176731 0.412297 1.10474 0.070434 0.067416 1.2096 0.301362 0.4148 1.37971 0.391084 0.759086 1.40697 0.290463 0.751415 1.23252 0.176731 0.412297 1.37971 0.391084 0.759086 1.55746 0.486075 1.09442 1.58831 0.402432 1.08276 1.40697 0.290463 0.751415 1.55746 0.486075 1.09442 1.74964 0.58361 1.41981 1.78607 0.50525 1.40404 1.58831 0.402432 1.08276 1.77772 0.418917 1.41792 1.78607 0.50525 1.40404 2.6679 0.649438 1.21091 2.67531 0.584973 1.2284 0.979022 0.379306 0.118068 1.12983 0.390117 0.457495 1.2096 0.301362 0.4148 1.08323 0.246421 0.063959 1.12983 0.390117 0.457495 1.30849 0.45663 0.798552 1.37971 0.391084 0.759086 1.2096 0.301362 0.4148 1.30849 0.45663 0.798552 1.49188 0.534852 1.1319 1.55746 0.486075 1.09442 1.37971 0.391084 0.759086 1.49188 0.534852 1.1319 1.67962 0.623647 1.45496 1.74964 0.58361 1.41981 1.55746 0.486075 1.09442 1.6753 0.648972 1.6924 1.81065 0.675823 1.83359 1.62342 1.26813 1.98947 1.53753 1.2909 1.95128 0.831913 0.41833 0.209074 1.02367 0.409094 0.524076 1.12983 0.390117 0.457495 0.979022 0.379306 0.118068 1.02367 0.409094 0.524076 1.22051 0.462069 0.854738 1.30849 0.45663 0.798552 1.12983 0.390117 0.457495 1.22051 0.462069 0.854738 1.41663 0.530131 1.18088 1.49188 0.534852 1.1319 1.30849 0.45663 0.798552 1.41663 0.530131 1.18088 1.60992 0.611164 1.50719 1.67962 0.623647 1.45496 1.49188 0.534852 1.1319 1.87643 0.693555 1.78356 1.9456 0.660369 1.7481 1.69687 1.25999 1.93666 1.67404 1.27224 1.98114 1.56799 1.31328 1.81142 1.53562 1.30072 1.85131 1.61066 1.64351 1.91465 1.63525 1.65573 1.88852 1.53562 1.30072 1.85131 1.53753 1.2909 1.95128 1.61033 1.61751 1.9818 1.61066 1.64351 1.91465 1.81065 0.675823 1.83359 1.87643 0.693555 1.78356 1.67404 1.27224 1.98114 1.62342 1.26813 1.98947 1.86547 0.615391 1.57309 1.74964 0.58361 1.41981 1.61029 1.28603 1.79517 1.69558 1.26654 1.83503 1.74964 0.58361 1.41981 1.67962 0.623647 1.45496 1.56799 1.31328 1.81142 1.61029 1.28603 1.79517 1.67962 0.623647 1.45496 1.60992 0.611164 1.50719 1.53562 1.30072 1.85131 1.56799 1.31328 1.81142 1.9456 0.660369 1.7481 1.86547 0.615391 1.57309 1.69558 1.26654 1.83503 1.69687 1.25999 1.93666 1.60992 0.611164 1.50719 1.6753 0.648972 1.6924 1.53753 1.2909 1.95128 1.53562 1.30072 1.85131 1.63525 1.65573 1.88852 1.61066 1.64351 1.91465 1.72329 1.85852 2.00341 1.74197 1.8678 1.98356 1.71897 1.57985 1.96121 1.71933 1.60387 1.89227 1.80585 1.8284 1.98642 1.80559 1.81015 2.0388 1.61029 1.28603 1.79517 1.56799 1.31328 1.81142 1.63525 1.65573 1.88852 1.66176 1.63514 1.87092 1.62342 1.26813 1.98947 1.67404 1.27224 1.98114 1.7042 1.58247 1.99492 1.66792 1.58426 2.00137 1.67404 1.27224 1.98114 1.69687 1.25999 1.93666 1.71897 1.57985 1.96121 1.7042 1.58247 1.99492 1.69687 1.25999 1.93666 1.69558 1.26654 1.83503 1.71933 1.60387 1.89227 1.71897 1.57985 1.96121 1.69558 1.26654 1.83503 1.61029 1.28603 1.79517 1.66176 1.63514 1.87092 1.71933 1.60387 1.89227 1.53753 1.2909 1.95128 1.62342 1.26813 1.98947 1.66792 1.58426 2.00137 1.61033 1.61751 1.9818 1.80585 1.8284 1.98642 1.76211 1.85216 1.97018 1.87875 2.10204 2.09025 1.90219 2.08931 2.09895 1.79436 1.81214 2.0644 1.80559 1.81015 2.0388 1.90205 2.07953 2.12701 1.89603 2.0806 2.14073 1.66176 1.63514 1.87092 1.63525 1.65573 1.88852 1.74197 1.8678 1.98356 1.76211 1.85216 1.97018 1.61066 1.64351 1.91465 1.61033 1.61751 1.9818 1.72304 1.83877 2.05443 1.72329 1.85852 2.00341 1.66792 1.58426 2.00137 1.7042 1.58247 1.99492 1.79436 1.81214 2.0644 1.7668 1.81351 2.0693 1.7042 1.58247 1.99492 1.71897 1.57985 1.96121 1.80559 1.81015 2.0388 1.79436 1.81214 2.0644 1.71933 1.60387 1.89227 1.66176 1.63514 1.87092 1.76211 1.85216 1.97018 1.80585 1.8284 1.98642 1.61033 1.61751 1.9818 1.66792 1.58426 2.00137 1.7668 1.81351 2.0693 1.72304 1.83877 2.05443 1.87875 2.10204 2.09025 1.86796 2.11042 2.09742 1.89603 2.0806 2.14073 1.89603 2.0806 2.14073 1.90205 2.07953 2.12701 1.90219 2.08931 2.09895 1.89603 2.0806 2.14073 1.90219 2.08931 2.09895 1.87875 2.10204 2.09025 1.86796 2.11042 2.09742 1.85795 2.10545 2.10805 1.85782 2.09487 2.13539 1.85782 2.09487 2.13539 1.88127 2.08133 2.14336 1.89603 2.0806 2.14073 1.85782 2.09487 2.13539 1.89603 2.0806 2.14073 1.86796 2.11042 2.09742 1.72304 1.83877 2.05443 1.7668 1.81351 2.0693 1.88127 2.08133 2.14336 1.85782 2.09487 2.13539 1.80559 1.81015 2.0388 1.80585 1.8284 1.98642 1.90219 2.08931 2.09895 1.90205 2.07953 2.12701 1.74197 1.8678 1.98356 1.72329 1.85852 2.00341 1.85795 2.10545 2.10805 1.86796 2.11042 2.09742 1.76211 1.85216 1.97018 1.74197 1.8678 1.98356 1.86796 2.11042 2.09742 1.87875 2.10204 2.09025 1.72329 1.85852 2.00341 1.72304 1.83877 2.05443 1.85782 2.09487 2.13539 1.85795 2.10545 2.10805 1.7668 1.81351 2.0693 1.79436 1.81214 2.0644 1.89603 2.0806 2.14073 1.88127 2.08133 2.14336 2.67531 0.584973 1.2284 2.6679 0.649438 1.21091 3.19545 0.699309 1.17962 3.19902 0.645984 1.19403 2.6679 0.649438 1.21091 2.66378 0.711517 1.22338 3.18952 0.75021 1.18989 3.19545 0.699309 1.17962 1.78607 0.50525 1.40404 1.74964 0.58361 1.41981 2.66378 0.711517 1.22338 2.6679 0.649438 1.21091 1.74964 0.58361 1.41981 1.86547 0.615391 1.57309 2.66826 0.780626 1.32505 2.66378 0.711517 1.22338 1.9848 0.587881 1.72996 1.9817 0.504185 1.7402 2.69222 0.635919 1.43522 2.68755 0.699916 1.44396 1.9456 0.660369 1.7481 1.9848 0.587881 1.72996 2.68755 0.699916 1.44396 2.68124 0.756395 1.43043 1.87971 0.461551 1.57906 1.77772 0.418917 1.41792 2.67531 0.584973 1.2284 2.68861 0.559882 1.3361 1.9817 0.504185 1.7402 1.87971 0.461551 1.57906 2.68861 0.559882 1.3361 2.69222 0.635919 1.43522 3.16843 0.783937 1.3604 3.1717 0.737244 1.37153 3.50334 0.761932 1.36987 3.50398 0.794961 1.36313 3.17747 0.684709 1.36434 3.19184 0.623664 1.28271 3.54699 0.685461 1.31835 3.51031 0.725429 1.36589 2.68124 0.756395 1.43043 2.68755 0.699916 1.44396 3.1717 0.737244 1.37153 3.16843 0.783937 1.3604 2.69222 0.635919 1.43522 2.68861 0.559882 1.3361 3.19184 0.623664 1.28271 3.17747 0.684709 1.36434 2.68755 0.699916 1.44396 2.69222 0.635919 1.43522 3.17747 0.684709 1.36434 3.1717 0.737244 1.37153 2.68861 0.559882 1.3361 2.67531 0.584973 1.2284 3.19902 0.645984 1.19403 3.19184 0.623664 1.28271 2.66378 0.711517 1.22338 2.66826 0.780626 1.32505 3.17547 0.805512 1.27362 3.18952 0.75021 1.18989 2.66826 0.780626 1.32505 2.68124 0.756395 1.43043 3.16843 0.783937 1.3604 3.17547 0.805512 1.27362 3.57981 0.704031 1.26629 3.5812 0.74181 1.25761 3.90001 0.787645 1.52399 3.89949 0.773409 1.52726 3.5812 0.74181 1.25761 3.57316 0.777066 1.26339 3.89698 0.800931 1.52617 3.90001 0.787645 1.52399 3.1717 0.737244 1.37153 3.17747 0.684709 1.36434 3.51031 0.725429 1.36589 3.50334 0.761932 1.36987 3.19184 0.623664 1.28271 3.19902 0.645984 1.19403 3.57981 0.704031 1.26629 3.54699 0.685461 1.31835 3.18952 0.75021 1.18989 3.17547 0.805512 1.27362 3.53611 0.81295 1.31219 3.57316 0.777066 1.26339 3.17547 0.805512 1.27362 3.16843 0.783937 1.3604 3.50398 0.794961 1.36313 3.53611 0.81295 1.31219 3.19545 0.699309 1.17962 3.18952 0.75021 1.18989 3.57316 0.777066 1.26339 3.5812 0.74181 1.25761 3.19902 0.645984 1.19403 3.19545 0.699309 1.17962 3.5812 0.74181 1.25761 3.57981 0.704031 1.26629 3.89949 0.773409 1.52726 3.90001 0.787645 1.52399 3.87067 0.795228 1.56629 3.8733 0.781472 1.56479 3.88712 0.766412 1.54688 3.89698 0.800931 1.52617 3.88302 0.814451 1.54456 3.87091 0.807673 1.56375 3.51031 0.725429 1.36589 3.54699 0.685461 1.31835 3.88712 0.766412 1.54688 3.8733 0.781472 1.56479 3.50398 0.794961 1.36313 3.50334 0.761932 1.36987 3.87067 0.795228 1.56629 3.87091 0.807673 1.56375 3.50334 0.761932 1.36987 3.51031 0.725429 1.36589 3.8733 0.781472 1.56479 3.87067 0.795228 1.56629 3.54699 0.685461 1.31835 3.57981 0.704031 1.26629 3.89949 0.773409 1.52726 3.88712 0.766412 1.54688 3.57316 0.777066 1.26339 3.53611 0.81295 1.31219 3.88302 0.814451 1.54456 3.89698 0.800931 1.52617 3.53611 0.81295 1.31219 3.50398 0.794961 1.36313 3.87091 0.807673 1.56375 3.88302 0.814451 1.54456 1.99604 2.7e-05 1.77841 1.88463 -0.069041 1.70303 2.18621 -0.323437 1.69035 2.27212 -0.270181 1.74848 2.09851 0.076957 1.68177 2.07594 0.026516 1.75094 2.33373 -0.249754 1.7273 2.35113 -0.210861 1.67396 1.7622 0.383899 1.66246 1.65535 0.344687 1.50413 1.86224 -0.136504 1.57861 1.88463 -0.069041 1.70303 1.65535 0.344687 1.50413 1.7278 0.357588 1.45615 1.92101 -0.132632 1.50873 1.86224 -0.136504 1.57861 1.7278 0.357588 1.45615 1.77772 0.418917 1.41792 1.97547 -0.065995 1.47799 1.92101 -0.132632 1.50873 1.77772 0.418917 1.41792 1.87971 0.461551 1.57906 2.10267 0.009767 1.53711 1.97547 -0.065995 1.47799 1.93749 0.441249 1.7749 1.86906 0.423112 1.82081 1.99604 2.7e-05 1.77841 2.07594 0.026516 1.75094 1.86906 0.423112 1.82081 1.7622 0.383899 1.66246 1.88463 -0.069041 1.70303 1.99604 2.7e-05 1.77841 2.35434 -0.262671 1.56242 2.35113 -0.210861 1.67396 2.90079 -0.515845 1.91085 2.90277 -0.547822 1.84201 2.25626 -0.321088 1.51684 2.35434 -0.262671 1.56242 2.90277 -0.547822 1.84201 2.84223 -0.583881 1.81387 2.07594 0.026516 1.75094 1.99604 2.7e-05 1.77841 2.27212 -0.270181 1.74848 2.33373 -0.249754 1.7273 1.88463 -0.069041 1.70303 1.86224 -0.136504 1.57861 2.16895 -0.375455 1.59442 2.18621 -0.323437 1.69035 1.97547 -0.065995 1.47799 2.10267 0.009767 1.53711 2.35434 -0.262671 1.56242 2.25626 -0.321088 1.51684 2.10267 0.009767 1.53711 2.09851 0.076957 1.68177 2.35113 -0.210861 1.67396 2.35434 -0.262671 1.56242 1.92101 -0.132632 1.50873 1.97547 -0.065995 1.47799 2.25626 -0.321088 1.51684 2.21427 -0.372468 1.54055 1.86224 -0.136504 1.57861 1.92101 -0.132632 1.50873 2.21427 -0.372468 1.54055 2.16895 -0.375455 1.59442 2.78834 -0.617436 1.86176 2.81631 -0.615595 1.8285 2.89004 -0.539851 1.94378 2.89004 -0.539851 1.94378 2.85202 -0.552459 1.95685 2.79899 -0.585331 1.92097 2.89004 -0.539851 1.94378 2.79899 -0.585331 1.92097 2.78834 -0.617436 1.86176 2.84223 -0.583881 1.81387 2.90277 -0.547822 1.84201 2.90079 -0.515845 1.91085 2.90079 -0.515845 1.91085 2.89004 -0.539851 1.94378 2.81631 -0.615595 1.8285 2.84223 -0.583881 1.81387 2.90079 -0.515845 1.91085 2.81631 -0.615595 1.8285 2.21427 -0.372468 1.54055 2.25626 -0.321088 1.51684 2.84223 -0.583881 1.81387 2.81631 -0.615595 1.8285 2.16895 -0.375455 1.59442 2.21427 -0.372468 1.54055 2.81631 -0.615595 1.8285 2.78834 -0.617436 1.86176 2.27212 -0.270181 1.74848 2.18621 -0.323437 1.69035 2.79899 -0.585331 1.92097 2.85202 -0.552459 1.95685 2.35113 -0.210861 1.67396 2.33373 -0.249754 1.7273 2.89004 -0.539851 1.94378 2.90079 -0.515845 1.91085 2.33373 -0.249754 1.7273 2.27212 -0.270181 1.74848 2.85202 -0.552459 1.95685 2.89004 -0.539851 1.94378 2.18621 -0.323437 1.69035 2.16895 -0.375455 1.59442 2.78834 -0.617436 1.86176 2.79899 -0.585331 1.92097 1.3729 0.064707 2.12746 1.26897 0.042471 2.08713 1.1131 -0.153252 2.44337 1.17423 -0.140173 2.46708 1.47844 -0.041425 2.06953 1.43963 0.008962 2.12607 1.21348 -0.172962 2.46627 1.23631 -0.202601 2.43301 1.80254 0.456702 1.86039 1.76334 0.52919 1.87852 1.3729 0.064707 2.12746 1.43963 0.008962 2.12607 1.7622 0.383899 1.66246 1.86906 0.423112 1.82081 1.47844 -0.041425 2.06953 1.43603 -0.1154 1.99306 1.86906 0.423112 1.82081 1.80254 0.456702 1.86039 1.43963 0.008962 2.12607 1.47844 -0.041425 2.06953 1.6575 0.496346 1.7189 1.55165 0.463503 1.55929 1.23424 -0.032418 2.00077 1.26897 0.042471 2.08713 1.55165 0.463503 1.55929 1.58807 0.385144 1.54352 1.26201 -0.114031 1.97554 1.23424 -0.032418 2.00077 1.76334 0.52919 1.87852 1.6575 0.496346 1.7189 1.26897 0.042471 2.08713 1.3729 0.064707 2.12746 1.21348 -0.172962 2.46627 1.17423 -0.140173 2.46708 0.785402 -0.316963 3.05065 0.802148 -0.33095 3.0503 1.23631 -0.202601 2.43301 1.21348 -0.172962 2.46627 0.802148 -0.33095 3.0503 0.811886 -0.343595 3.03611 1.43963 0.008962 2.12607 1.3729 0.064707 2.12746 1.17423 -0.140173 2.46708 1.21348 -0.172962 2.46627 1.26897 0.042471 2.08713 1.23424 -0.032418 2.00077 1.09267 -0.197302 2.39256 1.1131 -0.153252 2.44337 1.34005 -0.15055 1.94819 1.43603 -0.1154 1.99306 1.21137 -0.246113 2.38803 1.15491 -0.266788 2.36164 1.43603 -0.1154 1.99306 1.47844 -0.041425 2.06953 1.23631 -0.202601 2.43301 1.21137 -0.246113 2.38803 1.26201 -0.114031 1.97554 1.34005 -0.15055 1.94819 1.15491 -0.266788 2.36164 1.10901 -0.245308 2.37773 1.23424 -0.032418 2.00077 1.26201 -0.114031 1.97554 1.10901 -0.245308 2.37773 1.09267 -0.197302 2.39256 0.750609 -0.341335 3.01886 0.757579 -0.361813 3.01253 0.802148 -0.33095 3.0503 0.802148 -0.33095 3.0503 0.785402 -0.316963 3.05065 0.75932 -0.322543 3.04053 0.802148 -0.33095 3.0503 0.75932 -0.322543 3.04053 0.750609 -0.341335 3.01886 0.757579 -0.361813 3.01253 0.777159 -0.370977 3.00567 0.801245 -0.362156 3.01693 0.801245 -0.362156 3.01693 0.811886 -0.343595 3.03611 0.802148 -0.33095 3.0503 0.801245 -0.362156 3.01693 0.802148 -0.33095 3.0503 0.757579 -0.361813 3.01253 1.1131 -0.153252 2.44337 1.09267 -0.197302 2.39256 0.750609 -0.341335 3.01886 0.75932 -0.322543 3.04053 1.15491 -0.266788 2.36164 1.21137 -0.246113 2.38803 0.801245 -0.362156 3.01693 0.777159 -0.370977 3.00567 1.21137 -0.246113 2.38803 1.23631 -0.202601 2.43301 0.811886 -0.343595 3.03611 0.801245 -0.362156 3.01693 1.10901 -0.245308 2.37773 1.15491 -0.266788 2.36164 0.777159 -0.370977 3.00567 0.757579 -0.361813 3.01253 1.09267 -0.197302 2.39256 1.10901 -0.245308 2.37773 0.757579 -0.361813 3.01253 0.750609 -0.341335 3.01886 1.17423 -0.140173 2.46708 1.1131 -0.153252 2.44337 0.75932 -0.322543 3.04053 0.785402 -0.316963 3.05065 1.04412 0.748785 1.91404 1.06272 0.68453 1.94574 0.658785 1.02128 2.4227 0.639336 1.07405 2.39877 1.16305 0.877376 1.97055 1.09376 0.802905 1.8854 0.675745 1.11802 2.3675 0.74484 1.18011 2.42556 1.60992 0.611164 1.50719 1.56 0.549835 1.54541 1.04412 0.748785 1.91404 1.09376 0.802905 1.8854 1.6753 0.648972 1.6924 1.60992 0.611164 1.50719 1.09376 0.802905 1.8854 1.16305 0.877376 1.97055 1.56 0.549835 1.54541 1.55165 0.463503 1.55929 1.06272 0.68453 1.94574 1.04412 0.748785 1.91404 1.76644 0.612886 1.86828 1.81065 0.675823 1.83359 1.26838 0.851599 2.02391 1.26547 0.807492 2.08098 1.6575 0.496346 1.7189 1.76334 0.52919 1.87852 1.24374 0.733724 2.07565 1.15063 0.664542 2.02134 1.55165 0.463503 1.55929 1.6575 0.496346 1.7189 1.15063 0.664542 2.02134 1.06272 0.68453 1.94574 0.74484 1.18011 2.42556 0.675745 1.11802 2.3675 0.526283 1.37304 2.64186 0.574105 1.41601 2.68204 0.838106 1.15878 2.45391 0.74484 1.18011 2.42556 0.574105 1.41601 2.68204 0.638653 1.40125 2.70166 1.09376 0.802905 1.8854 1.04412 0.748785 1.91404 0.639336 1.07405 2.39877 0.675745 1.11802 2.3675 1.06272 0.68453 1.94574 1.15063 0.664542 2.02134 0.741174 1.00513 2.47159 0.658785 1.02128 2.4227 1.15063 0.664542 2.02134 1.24374 0.733724 2.07565 0.825096 1.06229 2.50118 0.741174 1.00513 2.47159 1.24374 0.733724 2.07565 1.26547 0.807492 2.08098 0.843876 1.12311 2.50133 0.825096 1.06229 2.50118 1.26547 0.807492 2.08098 1.26838 0.851599 2.02391 0.838106 1.15878 2.45391 0.843876 1.12311 2.50133 1.26838 0.851599 2.02391 1.16305 0.877376 1.97055 0.74484 1.18011 2.42556 0.838106 1.15878 2.45391 0.629647 1.33447 2.73438 0.642642 1.37656 2.73447 0.51352 1.81255 3.14511 0.507032 1.79153 3.14506 0.571564 1.29491 2.71389 0.629647 1.33447 2.73438 0.507032 1.79153 3.14506 0.478032 1.77178 3.13484 0.639336 1.07405 2.39877 0.658785 1.02128 2.4227 0.514546 1.30609 2.68006 0.501088 1.34261 2.6635 0.675745 1.11802 2.3675 0.639336 1.07405 2.39877 0.501088 1.34261 2.6635 0.526283 1.37304 2.64186 0.658785 1.02128 2.4227 0.741174 1.00513 2.47159 0.571564 1.29491 2.71389 0.514546 1.30609 2.68006 0.741174 1.00513 2.47159 0.825096 1.06229 2.50118 0.629647 1.33447 2.73438 0.571564 1.29491 2.71389 0.825096 1.06229 2.50118 0.843876 1.12311 2.50133 0.642642 1.37656 2.73447 0.629647 1.33447 2.73438 0.843876 1.12311 2.50133 0.838106 1.15878 2.45391 0.638653 1.40125 2.70166 0.642642 1.37656 2.73447 0.455425 1.81079 3.09887 0.44284 1.79559 3.10967 0.51352 1.81255 3.14511 0.51352 1.81255 3.14511 0.511531 1.82487 3.12873 0.479301 1.83224 3.11893 0.51352 1.81255 3.14511 0.479301 1.83224 3.11893 0.455425 1.81079 3.09887 0.44284 1.79559 3.10967 0.449561 1.77736 3.11794 0.478032 1.77178 3.13484 0.478032 1.77178 3.13484 0.507032 1.79153 3.14506 0.51352 1.81255 3.14511 0.478032 1.77178 3.13484 0.51352 1.81255 3.14511 0.44284 1.79559 3.10967 0.642642 1.37656 2.73447 0.638653 1.40125 2.70166 0.511531 1.82487 3.12873 0.51352 1.81255 3.14511 0.638653 1.40125 2.70166 0.574105 1.41601 2.68204 0.479301 1.83224 3.11893 0.511531 1.82487 3.12873 0.574105 1.41601 2.68204 0.526283 1.37304 2.64186 0.455425 1.81079 3.09887 0.479301 1.83224 3.11893 0.501088 1.34261 2.6635 0.514546 1.30609 2.68006 0.449561 1.77736 3.11794 0.44284 1.79559 3.10967 0.526283 1.37304 2.64186 0.501088 1.34261 2.6635 0.44284 1.79559 3.10967 0.455425 1.81079 3.09887 0.514546 1.30609 2.68006 0.571564 1.29491 2.71389 0.478032 1.77178 3.13484 0.449561 1.77736 3.11794 2.41352 0.685466 2.35123 2.38666 0.698089 2.36731 2.3595 0.689979 2.38562 2.34241 0.664234 2.39917 2.34191 0.630687 2.40279 2.3582 0.602154 2.3951 2.38506 0.589531 2.37903 2.41222 0.597641 2.36072 2.42931 0.623386 2.34716 2.42981 0.656932 2.34354 2.21759 0.572566 2.03458 2.21849 0.633579 2.02799 2.42981 0.656932 2.34354 2.42931 0.623386 2.34716 2.14003 0.708434 2.07121 2.09063 0.693684 2.10452 2.3595 0.689979 2.38562 2.38666 0.698089 2.36731 2.21849 0.633579 2.02799 2.18887 0.685476 2.04198 2.41352 0.685466 2.35123 2.42981 0.656932 2.34354 2.18887 0.685476 2.04198 2.14003 0.708434 2.07121 2.38666 0.698089 2.36731 2.41352 0.685466 2.35123 2.09063 0.693684 2.10452 2.05954 0.64686 2.12917 2.34241 0.664234 2.39917 2.3595 0.689979 2.38562 2.05954 0.64686 2.12917 2.05863 0.585847 2.13576 2.34191 0.630687 2.40279 2.34241 0.664234 2.39917 2.05863 0.585847 2.13576 2.08826 0.53395 2.12177 2.3582 0.602154 2.3951 2.34191 0.630687 2.40279 2.08826 0.53395 2.12177 2.1371 0.510992 2.09254 2.38506 0.589531 2.37903 2.3582 0.602154 2.3951 2.1371 0.510992 2.09254 2.1865 0.525743 2.05924 2.41222 0.597641 2.36072 2.38506 0.589531 2.37903 1.76644 0.612886 1.86828 1.91299 0.629872 1.99874 1.95063 0.684753 1.96906 1.81065 0.675823 1.83359 1.76334 0.52919 1.87852 1.91098 0.557518 2.00715 1.91299 0.629872 1.99874 1.76644 0.612886 1.86828 1.80254 0.456702 1.86039 1.9454 0.495326 1.99109 1.91098 0.557518 2.00715 1.76334 0.52919 1.87852 1.86906 0.423112 1.82081 2.00307 0.467051 1.95668 1.9454 0.495326 1.99109 1.80254 0.456702 1.86039 1.93749 0.441249 1.7749 2.06199 0.483495 1.91708 2.00307 0.467051 1.95668 1.86906 0.423112 1.82081 1.9817 0.504185 1.7402 2.09964 0.538376 1.8874 2.06199 0.483495 1.91708 1.93749 0.441249 1.7749 1.9848 0.587881 1.72996 2.10164 0.610731 1.87899 2.09964 0.538376 1.8874 1.9817 0.504185 1.7402 1.9456 0.660369 1.7481 2.06723 0.672922 1.89505 2.10164 0.610731 1.87899 1.9848 0.587881 1.72996 1.87643 0.693555 1.78356 2.00822 0.700994 1.92739 2.06723 0.672922 1.89505 1.9456 0.660369 1.7481 1.81065 0.675823 1.83359 1.95063 0.684753 1.96906 2.00822 0.700994 1.92739 1.87643 0.693555 1.78356 0.249072 1.80454 2.49462 1.03912 0.990976 2.73399 0.278103 1.28219 3.06265 1.35379 1.29084 2.89339 1.03912 0.990976 2.73399 1.77507 1.82038 2.50747 0.249072 1.80454 2.49462 0.278103 1.28219 3.06265 -0.095782 2.12777 3.47561 0.249072 1.80454 2.49462 -0.095782 2.12777 3.47561 0.371413 2.59227 3.08853 0.249072 1.80454 2.49462 0.371413 2.59227 3.08853 0.973864 2.02413 2.44413 1.35379 1.29084 2.89339 1.77507 1.82038 2.50747 2.15066 1.58434 2.70239 0.362855 0.758564 3.55597 1.02778 0.777104 3.12413 0.957307 0.49042 3.54365 -0.324009 1.83354 3.8195 0.157538 1.43092 3.71564 0.28063 1.44132 4.06521 0.353001 2.58553 3.26477 0.095866 2.38355 3.66162 0.241398 2.63794 3.80011 1.5109 2.51211 2.56964 0.740687 2.7454 3.11727 1.35161 2.73759 3.11537 1.35379 1.29084 2.89339 2.15066 1.58434 2.70239 1.61323 0.96445 3.21802 0.362855 0.758564 3.55597 0.957307 0.49042 3.54365 0.446259 1.0364 3.84185 -0.324009 1.83354 3.8195 0.28063 1.44132 4.06521 -0.01628 2.10453 4.01247 0.353001 2.58553 3.26477 0.241398 2.63794 3.80011 0.753237 2.69442 3.48072 1.5109 2.51211 2.56964 1.35161 2.73759 3.11537 1.6528 2.1454 2.97131 1.36945 0.960963 3.51726 1.63729 1.57708 3.56265 1.38373 1.53533 4.0451 0.535801 1.05598 4.27354 0.987934 1.27308 4.01125 0.979049 1.6608 4.32868 0.266135 2.46753 4.16912 0.496495 1.88292 4.2833 0.655759 2.31736 4.24189 1.23226 2.70727 3.64496 0.859078 2.43756 3.86527 1.21679 2.18623 3.98124 1.80513 2.00139 3.12182 1.47678 2.26066 3.45738 1.39663 1.98882 3.7663 1.39663 1.98882 3.7663 1.21679 2.18623 3.98124 1.29663 1.96906 4.21294 1.39663 1.98882 3.7663 1.47678 2.26066 3.45738 1.21679 2.18623 3.98124 1.47678 2.26066 3.45738 1.23226 2.70727 3.64496 1.21679 2.18623 3.98124 1.21679 2.18623 3.98124 0.655759 2.31736 4.24189 1.29663 1.96906 4.21294 1.21679 2.18623 3.98124 0.859078 2.43756 3.86527 0.655759 2.31736 4.24189 0.859078 2.43756 3.86527 0.266135 2.46753 4.16912 0.655759 2.31736 4.24189 0.655759 2.31736 4.24189 0.979049 1.6608 4.32868 1.29663 1.96906 4.21294 0.655759 2.31736 4.24189 0.496495 1.88292 4.2833 0.979049 1.6608 4.32868 0.496495 1.88292 4.2833 0.535801 1.05598 4.27354 0.979049 1.6608 4.32868 0.979049 1.6608 4.32868 1.38373 1.53533 4.0451 1.29663 1.96906 4.21294 0.979049 1.6608 4.32868 0.987934 1.27308 4.01125 1.38373 1.53533 4.0451 0.987934 1.27308 4.01125 1.36945 0.960963 3.51726 1.38373 1.53533 4.0451 1.38373 1.53533 4.0451 1.39663 1.98882 3.7663 1.29663 1.96906 4.21294 1.38373 1.53533 4.0451 1.63729 1.57708 3.56265 1.39663 1.98882 3.7663 1.63729 1.57708 3.56265 1.80513 2.00139 3.12182 1.39663 1.98882 3.7663 1.6528 2.1454 2.97131 1.47678 2.26066 3.45738 1.80513 2.00139 3.12182 1.6528 2.1454 2.97131 1.35161 2.73759 3.11537 1.47678 2.26066 3.45738 1.35161 2.73759 3.11537 1.23226 2.70727 3.64496 1.47678 2.26066 3.45738 0.753237 2.69442 3.48072 0.859078 2.43756 3.86527 1.23226 2.70727 3.64496 0.753237 2.69442 3.48072 0.241398 2.63794 3.80011 0.859078 2.43756 3.86527 0.241398 2.63794 3.80011 0.266135 2.46753 4.16912 0.859078 2.43756 3.86527 -0.01628 2.10453 4.01247 0.496495 1.88292 4.2833 0.266135 2.46753 4.16912 -0.01628 2.10453 4.01247 0.28063 1.44132 4.06521 0.496495 1.88292 4.2833 0.28063 1.44132 4.06521 0.535801 1.05598 4.27354 0.496495 1.88292 4.2833 0.446259 1.0364 3.84185 0.987934 1.27308 4.01125 0.535801 1.05598 4.27354 0.446259 1.0364 3.84185 0.957307 0.49042 3.54365 0.987934 1.27308 4.01125 0.957307 0.49042 3.54365 1.36945 0.960963 3.51726 0.987934 1.27308 4.01125 1.61323 0.96445 3.21802 1.63729 1.57708 3.56265 1.36945 0.960963 3.51726 1.61323 0.96445 3.21802 2.15066 1.58434 2.70239 1.63729 1.57708 3.56265 2.15066 1.58434 2.70239 1.80513 2.00139 3.12182 1.63729 1.57708 3.56265 1.35161 2.73759 3.11537 0.753237 2.69442 3.48072 1.23226 2.70727 3.64496 1.35161 2.73759 3.11537 0.740687 2.7454 3.11727 0.753237 2.69442 3.48072 0.740687 2.7454 3.11727 0.353001 2.58553 3.26477 0.753237 2.69442 3.48072 0.241398 2.63794 3.80011 -0.01628 2.10453 4.01247 0.266135 2.46753 4.16912 0.241398 2.63794 3.80011 0.095866 2.38355 3.66162 -0.01628 2.10453 4.01247 0.095866 2.38355 3.66162 -0.324009 1.83354 3.8195 -0.01628 2.10453 4.01247 0.28063 1.44132 4.06521 0.446259 1.0364 3.84185 0.535801 1.05598 4.27354 0.28063 1.44132 4.06521 0.157538 1.43092 3.71564 0.446259 1.0364 3.84185 0.157538 1.43092 3.71564 0.362855 0.758564 3.55597 0.446259 1.0364 3.84185 0.957307 0.49042 3.54365 1.61323 0.96445 3.21802 1.36945 0.960963 3.51726 0.957307 0.49042 3.54365 1.02778 0.777104 3.12413 1.61323 0.96445 3.21802 1.02778 0.777104 3.12413 1.35379 1.29084 2.89339 1.61323 0.96445 3.21802 2.15066 1.58434 2.70239 1.6528 2.1454 2.97131 1.80513 2.00139 3.12182 2.15066 1.58434 2.70239 1.77507 1.82038 2.50747 1.6528 2.1454 2.97131 1.77507 1.82038 2.50747 1.5109 2.51211 2.56964 1.6528 2.1454 2.97131 0.973864 2.02413 2.44413 0.740687 2.7454 3.11727 1.5109 2.51211 2.56964 0.973864 2.02413 2.44413 0.371413 2.59227 3.08853 0.740687 2.7454 3.11727 0.371413 2.59227 3.08853 0.353001 2.58553 3.26477 0.740687 2.7454 3.11727 0.371413 2.59227 3.08853 0.095866 2.38355 3.66162 0.353001 2.58553 3.26477 0.371413 2.59227 3.08853 -0.095782 2.12777 3.47561 0.095866 2.38355 3.66162 -0.095782 2.12777 3.47561 -0.324009 1.83354 3.8195 0.095866 2.38355 3.66162 -0.095782 2.12777 3.47561 0.157538 1.43092 3.71564 -0.324009 1.83354 3.8195 -0.095782 2.12777 3.47561 0.278103 1.28219 3.06265 0.157538 1.43092 3.71564 0.278103 1.28219 3.06265 0.362855 0.758564 3.55597 0.157538 1.43092 3.71564 1.77507 1.82038 2.50747 0.973864 2.02413 2.44413 1.5109 2.51211 2.56964 1.77507 1.82038 2.50747 1.03912 0.990976 2.73399 0.973864 2.02413 2.44413 1.03912 0.990976 2.73399 0.249072 1.80454 2.49462 0.973864 2.02413 2.44413 0.278103 1.28219 3.06265 1.02778 0.777104 3.12413 0.362855 0.758564 3.55597 0.278103 1.28219 3.06265 1.03912 0.990976 2.73399 1.02778 0.777104 3.12413 1.03912 0.990976 2.73399 1.35379 1.29084 2.89339 1.02778 0.777104 3.12413 0.247729 -0.519005 2.51428 0.880868 -1.05099 2.60769 0.169097 -1.0479 2.97085 1.21284 -0.958727 3.09591 0.880868 -1.05099 2.60769 1.26525 -0.408505 2.56683 0.247729 -0.519005 2.51428 0.169097 -1.0479 2.97085 -0.290101 -0.24495 3.15979 0.247729 -0.519005 2.51428 -0.290101 -0.24495 3.15979 0.275212 0.127003 2.91877 0.247729 -0.519005 2.51428 0.275212 0.127003 2.91877 1.10719 -0.141609 2.52525 1.21284 -0.958727 3.09591 1.26525 -0.408505 2.56683 1.62421 -0.518206 3.08918 0.499819 -1.32055 3.60432 0.939528 -1.16317 3.28428 0.93015 -1.10125 3.57747 -0.160548 -0.478708 3.8486 0.056559 -0.966694 3.79829 0.204902 -0.954165 4.21959 0.379196 0.447005 3.3123 0.084201 0.115817 3.70984 0.390526 0.310602 3.79136 1.37151 0.126683 2.80121 0.783824 0.411694 3.12997 1.18148 0.163768 3.31736 1.21284 -0.958727 3.09591 1.62421 -0.518206 3.08918 1.26824 -0.880891 3.36286 0.499819 -1.32055 3.60432 0.93015 -1.10125 3.57747 0.565707 -1.10106 3.83015 -0.160548 -0.478708 3.8486 0.204902 -0.954165 4.21959 0.020859 -0.195579 4.07309 0.379196 0.447005 3.3123 0.390526 0.310602 3.79136 0.794747 0.465073 3.50909 1.37151 0.126683 2.80121 1.18148 0.163768 3.31736 1.51528 -0.128037 3.12482 1.16313 -0.826149 3.6823 1.58136 -0.70648 3.62048 1.3063 -0.70691 3.99073 0.603085 -1.16929 4.25185 1.03624 -1.32324 4.03267 1.04661 -0.689648 4.53712 0.305859 0.170746 4.23117 0.513672 -0.420851 4.37627 0.731212 -0.089113 4.14618 1.22164 0.297292 3.69359 0.902356 0.173709 3.92815 1.21262 -0.057211 3.89548 1.62995 -0.314602 3.3234 1.51029 0.044386 3.57666 1.4467 -0.312344 3.82467 1.4467 -0.312344 3.82467 1.21262 -0.057211 3.89548 1.29706 -0.341082 4.19212 1.4467 -0.312344 3.82467 1.51029 0.044386 3.57666 1.21262 -0.057211 3.89548 1.51029 0.044386 3.57666 1.22164 0.297292 3.69359 1.21262 -0.057211 3.89548 1.21262 -0.057211 3.89548 0.731212 -0.089113 4.14618 1.29706 -0.341082 4.19212 1.21262 -0.057211 3.89548 0.902356 0.173709 3.92815 0.731212 -0.089113 4.14618 0.902356 0.173709 3.92815 0.305859 0.170746 4.23117 0.731212 -0.089113 4.14618 0.731212 -0.089113 4.14618 1.04661 -0.689648 4.53712 1.29706 -0.341082 4.19212 0.731212 -0.089113 4.14618 0.513672 -0.420851 4.37627 1.04661 -0.689648 4.53712 0.513672 -0.420851 4.37627 0.603085 -1.16929 4.25185 1.04661 -0.689648 4.53712 1.04661 -0.689648 4.53712 1.3063 -0.70691 3.99073 1.29706 -0.341082 4.19212 1.04661 -0.689648 4.53712 1.03624 -1.32324 4.03267 1.3063 -0.70691 3.99073 1.03624 -1.32324 4.03267 1.16313 -0.826149 3.6823 1.3063 -0.70691 3.99073 1.3063 -0.70691 3.99073 1.4467 -0.312344 3.82467 1.29706 -0.341082 4.19212 1.3063 -0.70691 3.99073 1.58136 -0.70648 3.62048 1.4467 -0.312344 3.82467 1.58136 -0.70648 3.62048 1.62995 -0.314602 3.3234 1.4467 -0.312344 3.82467 1.51528 -0.128037 3.12482 1.51029 0.044386 3.57666 1.62995 -0.314602 3.3234 1.51528 -0.128037 3.12482 1.18148 0.163768 3.31736 1.51029 0.044386 3.57666 1.18148 0.163768 3.31736 1.22164 0.297292 3.69359 1.51029 0.044386 3.57666 0.794747 0.465073 3.50909 0.902356 0.173709 3.92815 1.22164 0.297292 3.69359 0.794747 0.465073 3.50909 0.390526 0.310602 3.79136 0.902356 0.173709 3.92815 0.390526 0.310602 3.79136 0.305859 0.170746 4.23117 0.902356 0.173709 3.92815 0.020859 -0.195579 4.07309 0.513672 -0.420851 4.37627 0.305859 0.170746 4.23117 0.020859 -0.195579 4.07309 0.204902 -0.954165 4.21959 0.513672 -0.420851 4.37627 0.204902 -0.954165 4.21959 0.603085 -1.16929 4.25185 0.513672 -0.420851 4.37627 0.565707 -1.10106 3.83015 1.03624 -1.32324 4.03267 0.603085 -1.16929 4.25185 0.565707 -1.10106 3.83015 0.93015 -1.10125 3.57747 1.03624 -1.32324 4.03267 0.93015 -1.10125 3.57747 1.16313 -0.826149 3.6823 1.03624 -1.32324 4.03267 1.26824 -0.880891 3.36286 1.58136 -0.70648 3.62048 1.16313 -0.826149 3.6823 1.26824 -0.880891 3.36286 1.62421 -0.518206 3.08918 1.58136 -0.70648 3.62048 1.62421 -0.518206 3.08918 1.62995 -0.314602 3.3234 1.58136 -0.70648 3.62048 1.18148 0.163768 3.31736 0.794747 0.465073 3.50909 1.22164 0.297292 3.69359 1.18148 0.163768 3.31736 0.783824 0.411694 3.12997 0.794747 0.465073 3.50909 0.783824 0.411694 3.12997 0.379196 0.447005 3.3123 0.794747 0.465073 3.50909 0.390526 0.310602 3.79136 0.020859 -0.195579 4.07309 0.305859 0.170746 4.23117 0.390526 0.310602 3.79136 0.084201 0.115817 3.70984 0.020859 -0.195579 4.07309 0.084201 0.115817 3.70984 -0.160548 -0.478708 3.8486 0.020859 -0.195579 4.07309 0.204902 -0.954165 4.21959 0.565707 -1.10106 3.83015 0.603085 -1.16929 4.25185 0.204902 -0.954165 4.21959 0.056559 -0.966694 3.79829 0.565707 -1.10106 3.83015 0.056559 -0.966694 3.79829 0.499819 -1.32055 3.60432 0.565707 -1.10106 3.83015 0.93015 -1.10125 3.57747 1.26824 -0.880891 3.36286 1.16313 -0.826149 3.6823 0.93015 -1.10125 3.57747 0.939528 -1.16317 3.28428 1.26824 -0.880891 3.36286 0.939528 -1.16317 3.28428 1.21284 -0.958727 3.09591 1.26824 -0.880891 3.36286 1.62421 -0.518206 3.08918 1.51528 -0.128037 3.12482 1.62995 -0.314602 3.3234 1.62421 -0.518206 3.08918 1.26525 -0.408505 2.56683 1.51528 -0.128037 3.12482 1.26525 -0.408505 2.56683 1.37151 0.126683 2.80121 1.51528 -0.128037 3.12482 1.10719 -0.141609 2.52525 0.783824 0.411694 3.12997 1.37151 0.126683 2.80121 1.10719 -0.141609 2.52525 0.275212 0.127003 2.91877 0.783824 0.411694 3.12997 0.275212 0.127003 2.91877 0.379196 0.447005 3.3123 0.783824 0.411694 3.12997 0.275212 0.127003 2.91877 0.084201 0.115817 3.70984 0.379196 0.447005 3.3123 0.275212 0.127003 2.91877 -0.290101 -0.24495 3.15979 0.084201 0.115817 3.70984 -0.290101 -0.24495 3.15979 -0.160548 -0.478708 3.8486 0.084201 0.115817 3.70984 -0.290101 -0.24495 3.15979 0.056559 -0.966694 3.79829 -0.160548 -0.478708 3.8486 -0.290101 -0.24495 3.15979 0.169097 -1.0479 2.97085 0.056559 -0.966694 3.79829 0.169097 -1.0479 2.97085 0.499819 -1.32055 3.60432 0.056559 -0.966694 3.79829 1.26525 -0.408505 2.56683 1.10719 -0.141609 2.52525 1.37151 0.126683 2.80121 1.26525 -0.408505 2.56683 0.880868 -1.05099 2.60769 1.10719 -0.141609 2.52525 0.880868 -1.05099 2.60769 0.247729 -0.519005 2.51428 1.10719 -0.141609 2.52525 0.169097 -1.0479 2.97085 0.939528 -1.16317 3.28428 0.499819 -1.32055 3.60432 0.169097 -1.0479 2.97085 0.880868 -1.05099 2.60769 0.939528 -1.16317 3.28428 0.880868 -1.05099 2.60769 1.21284 -0.958727 3.09591 0.939528 -1.16317 3.28428 3.45046 0.919779 1.52918 4.39331 0.424098 1.29861 3.79194 0.55752 1.71864 4.66284 0.486284 1.44849 4.39331 0.424098 1.29861 4.79962 1.03683 1.36247 3.45046 0.919779 1.52918 3.79194 0.55752 1.71864 3.38117 1.22105 2.01688 3.45046 0.919779 1.52918 3.38117 1.22105 2.01688 3.82364 1.54423 1.65306 3.45046 0.919779 1.52918 3.82364 1.54423 1.65306 4.50784 1.23562 1.32082 4.66284 0.486284 1.44849 4.79962 1.03683 1.36247 4.95828 0.933883 1.77728 3.92636 0.046932 2.19359 4.40397 0.217879 1.84597 4.38081 0.208007 2.19572 3.57223 0.968924 2.37548 3.42079 0.413269 2.41359 3.8347 0.627447 2.64193 3.91791 1.61461 1.94371 3.57137 1.5248 2.32125 3.82214 1.65959 2.40307 4.74483 1.47859 1.53405 4.26342 1.61484 1.69081 4.8021 1.72027 1.63918 4.66284 0.486284 1.44849 4.95828 0.933883 1.77728 4.60631 0.28861 1.93975 3.92636 0.046932 2.19359 4.38081 0.208007 2.19572 4.0286 0.369253 2.4355 3.57223 0.968924 2.37548 3.8347 0.627447 2.64193 3.68162 1.17054 2.56349 3.91791 1.61461 1.94371 3.82214 1.65959 2.40307 4.25691 1.66164 2.14423 4.74483 1.47859 1.53405 4.8021 1.72027 1.63918 5.07826 1.36619 1.64836 4.59592 0.630311 2.2951 5.15335 0.708935 2.21155 4.69076 0.45811 2.53212 4.09578 0.383937 2.75934 4.47322 0.12683 2.57925 4.50328 0.76555 3.08492 3.89348 1.44285 2.68101 3.94141 1.02418 3.03208 4.18577 1.33019 2.73559 4.74462 1.84947 2.29461 4.36359 1.66998 2.54534 4.59595 1.30615 2.46597 5.32273 1.13713 1.76668 4.93145 1.45413 2.16897 4.81343 1.10259 2.37406 4.81343 1.10259 2.37406 4.59595 1.30615 2.46597 4.72761 1.08564 2.75731 4.81343 1.10259 2.37406 4.93145 1.45413 2.16897 4.59595 1.30615 2.46597 4.93145 1.45413 2.16897 4.74462 1.84947 2.29461 4.59595 1.30615 2.46597 4.59595 1.30615 2.46597 4.18577 1.33019 2.73559 4.72761 1.08564 2.75731 4.59595 1.30615 2.46597 4.36359 1.66998 2.54534 4.18577 1.33019 2.73559 4.36359 1.66998 2.54534 3.89348 1.44285 2.68101 4.18577 1.33019 2.73559 4.18577 1.33019 2.73559 4.50328 0.76555 3.08492 4.72761 1.08564 2.75731 4.18577 1.33019 2.73559 3.94141 1.02418 3.03208 4.50328 0.76555 3.08492 3.94141 1.02418 3.03208 4.09578 0.383937 2.75934 4.50328 0.76555 3.08492 4.50328 0.76555 3.08492 4.69076 0.45811 2.53212 4.72761 1.08564 2.75731 4.50328 0.76555 3.08492 4.47322 0.12683 2.57925 4.69076 0.45811 2.53212 4.47322 0.12683 2.57925 4.59592 0.630311 2.2951 4.69076 0.45811 2.53212 4.69076 0.45811 2.53212 4.81343 1.10259 2.37406 4.72761 1.08564 2.75731 4.69076 0.45811 2.53212 5.15335 0.708935 2.21155 4.81343 1.10259 2.37406 5.15335 0.708935 2.21155 5.32273 1.13713 1.76668 4.81343 1.10259 2.37406 5.07826 1.36619 1.64836 4.93145 1.45413 2.16897 5.32273 1.13713 1.76668 5.07826 1.36619 1.64836 4.8021 1.72027 1.63918 4.93145 1.45413 2.16897 4.8021 1.72027 1.63918 4.74462 1.84947 2.29461 4.93145 1.45413 2.16897 4.25691 1.66164 2.14423 4.36359 1.66998 2.54534 4.74462 1.84947 2.29461 4.25691 1.66164 2.14423 3.82214 1.65959 2.40307 4.36359 1.66998 2.54534 3.82214 1.65959 2.40307 3.89348 1.44285 2.68101 4.36359 1.66998 2.54534 3.68162 1.17054 2.56349 3.94141 1.02418 3.03208 3.89348 1.44285 2.68101 3.68162 1.17054 2.56349 3.8347 0.627447 2.64193 3.94141 1.02418 3.03208 3.8347 0.627447 2.64193 4.09578 0.383937 2.75934 3.94141 1.02418 3.03208 4.0286 0.369253 2.4355 4.47322 0.12683 2.57925 4.09578 0.383937 2.75934 4.0286 0.369253 2.4355 4.38081 0.208007 2.19572 4.47322 0.12683 2.57925 4.38081 0.208007 2.19572 4.59592 0.630311 2.2951 4.47322 0.12683 2.57925 4.60631 0.28861 1.93975 5.15335 0.708935 2.21155 4.59592 0.630311 2.2951 4.60631 0.28861 1.93975 4.95828 0.933883 1.77728 5.15335 0.708935 2.21155 4.95828 0.933883 1.77728 5.32273 1.13713 1.76668 5.15335 0.708935 2.21155 4.8021 1.72027 1.63918 4.25691 1.66164 2.14423 4.74462 1.84947 2.29461 4.8021 1.72027 1.63918 4.26342 1.61484 1.69081 4.25691 1.66164 2.14423 4.26342 1.61484 1.69081 3.91791 1.61461 1.94371 4.25691 1.66164 2.14423 3.82214 1.65959 2.40307 3.68162 1.17054 2.56349 3.89348 1.44285 2.68101 3.82214 1.65959 2.40307 3.57137 1.5248 2.32125 3.68162 1.17054 2.56349 3.57137 1.5248 2.32125 3.57223 0.968924 2.37548 3.68162 1.17054 2.56349 3.8347 0.627447 2.64193 4.0286 0.369253 2.4355 4.09578 0.383937 2.75934 3.8347 0.627447 2.64193 3.42079 0.413269 2.41359 4.0286 0.369253 2.4355 3.42079 0.413269 2.41359 3.92636 0.046932 2.19359 4.0286 0.369253 2.4355 4.38081 0.208007 2.19572 4.60631 0.28861 1.93975 4.59592 0.630311 2.2951 4.38081 0.208007 2.19572 4.40397 0.217879 1.84597 4.60631 0.28861 1.93975 4.40397 0.217879 1.84597 4.66284 0.486284 1.44849 4.60631 0.28861 1.93975 4.95828 0.933883 1.77728 5.07826 1.36619 1.64836 5.32273 1.13713 1.76668 4.95828 0.933883 1.77728 4.79962 1.03683 1.36247 5.07826 1.36619 1.64836 4.79962 1.03683 1.36247 4.74483 1.47859 1.53405 5.07826 1.36619 1.64836 4.50784 1.23562 1.32082 4.26342 1.61484 1.69081 4.74483 1.47859 1.53405 4.50784 1.23562 1.32082 3.82364 1.54423 1.65306 4.26342 1.61484 1.69081 3.82364 1.54423 1.65306 3.91791 1.61461 1.94371 4.26342 1.61484 1.69081 3.82364 1.54423 1.65306 3.57137 1.5248 2.32125 3.91791 1.61461 1.94371 3.82364 1.54423 1.65306 3.38117 1.22105 2.01688 3.57137 1.5248 2.32125 3.38117 1.22105 2.01688 3.57223 0.968924 2.37548 3.57137 1.5248 2.32125 3.38117 1.22105 2.01688 3.42079 0.413269 2.41359 3.57223 0.968924 2.37548 3.38117 1.22105 2.01688 3.79194 0.55752 1.71864 3.42079 0.413269 2.41359 3.79194 0.55752 1.71864 3.92636 0.046932 2.19359 3.42079 0.413269 2.41359 4.79962 1.03683 1.36247 4.50784 1.23562 1.32082 4.74483 1.47859 1.53405 4.79962 1.03683 1.36247 4.39331 0.424098 1.29861 4.50784 1.23562 1.32082 4.39331 0.424098 1.29861 3.45046 0.919779 1.52918 4.50784 1.23562 1.32082 3.79194 0.55752 1.71864 4.40397 0.217879 1.84597 3.92636 0.046932 2.19359 3.79194 0.55752 1.71864 4.39331 0.424098 1.29861 4.40397 0.217879 1.84597 4.39331 0.424098 1.29861 4.66284 0.486284 1.44849 4.40397 0.217879 1.84597 2.34343 -0.732409 1.70229 3.25299 -1.39183 1.46844 2.45859 -1.39268 1.80128 3.54373 -1.32475 1.63011 3.25299 -1.39183 1.46844 3.82575 -0.742385 1.31804 2.34343 -0.732409 1.70229 2.45859 -1.39268 1.80128 2.16116 -0.532139 2.24325 2.34343 -0.732409 1.70229 2.16116 -0.532139 2.24325 2.63846 -0.18352 1.8508 2.34343 -0.732409 1.70229 2.63846 -0.18352 1.8508 3.37653 -0.516423 1.4924 3.54373 -1.32475 1.63011 3.82575 -0.742385 1.31804 3.86243 -0.841915 1.98479 2.64097 -2.08541 2.44566 3.26448 -1.61429 2.05889 3.2395 -1.62494 2.43618 2.1605 -0.834511 2.69244 1.95504 -1.58839 2.74414 2.5166 -1.29781 3.05394 2.74015 -0.107593 2.16432 2.15933 -0.080335 2.61886 2.49957 0.102547 2.72988 3.75142 -0.143024 1.55083 3.11287 -0.107349 1.89151 3.82911 0.184863 1.69348 3.54373 -1.32475 1.63011 3.86243 -0.841915 1.98479 3.56347 -1.75752 2.10126 2.64097 -2.08541 2.44566 3.2395 -1.62494 2.43618 2.77968 -1.64811 2.77387 2.1605 -0.834511 2.69244 2.5166 -1.29781 3.05394 2.48526 -0.586635 2.8329 2.74015 -0.107593 2.16432 2.49957 0.102547 2.72988 3.08943 0.105331 2.3787 3.75142 -0.143024 1.55083 3.82911 0.184863 1.69348 3.82492 -0.386468 1.95441 3.54938 -1.29392 2.58339 4.30567 -1.18725 2.47003 3.67806 -1.52755 2.90496 2.93203 -1.43516 3.04417 3.38291 -1.97702 2.9689 3.37161 -1.0235 3.39538 2.7138 -0.292877 2.95967 2.7655 -0.744513 3.33837 2.99291 -0.344359 3.18102 3.63195 0.14575 2.54285 3.22093 -0.047873 2.81331 3.47158 -0.440336 2.7277 4.0528 -0.637798 2.18076 4.00461 -0.176216 2.41226 3.84448 -0.653159 2.69052 3.84448 -0.653159 2.69052 3.47158 -0.440336 2.7277 3.61361 -0.678211 3.04198 3.84448 -0.653159 2.69052 4.00461 -0.176216 2.41226 3.47158 -0.440336 2.7277 4.00461 -0.176216 2.41226 3.63195 0.14575 2.54285 3.47158 -0.440336 2.7277 3.47158 -0.440336 2.7277 2.99291 -0.344359 3.18102 3.61361 -0.678211 3.04198 3.47158 -0.440336 2.7277 3.22093 -0.047873 2.81331 2.99291 -0.344359 3.18102 3.22093 -0.047873 2.81331 2.7138 -0.292877 2.95967 2.99291 -0.344359 3.18102 2.99291 -0.344359 3.18102 3.37161 -1.0235 3.39538 3.61361 -0.678211 3.04198 2.99291 -0.344359 3.18102 2.7655 -0.744513 3.33837 3.37161 -1.0235 3.39538 2.7655 -0.744513 3.33837 2.93203 -1.43516 3.04417 3.37161 -1.0235 3.39538 3.37161 -1.0235 3.39538 3.67806 -1.52755 2.90496 3.61361 -0.678211 3.04198 3.37161 -1.0235 3.39538 3.38291 -1.97702 2.9689 3.67806 -1.52755 2.90496 3.38291 -1.97702 2.9689 3.54938 -1.29392 2.58339 3.67806 -1.52755 2.90496 3.67806 -1.52755 2.90496 3.84448 -0.653159 2.69052 3.61361 -0.678211 3.04198 3.67806 -1.52755 2.90496 4.30567 -1.18725 2.47003 3.84448 -0.653159 2.69052 4.30567 -1.18725 2.47003 4.0528 -0.637798 2.18076 3.84448 -0.653159 2.69052 3.82492 -0.386468 1.95441 4.00461 -0.176216 2.41226 4.0528 -0.637798 2.18076 3.82492 -0.386468 1.95441 3.82911 0.184863 1.69348 4.00461 -0.176216 2.41226 3.82911 0.184863 1.69348 3.63195 0.14575 2.54285 4.00461 -0.176216 2.41226 3.08943 0.105331 2.3787 3.22093 -0.047873 2.81331 3.63195 0.14575 2.54285 3.08943 0.105331 2.3787 2.49957 0.102547 2.72988 3.22093 -0.047873 2.81331 2.49957 0.102547 2.72988 2.7138 -0.292877 2.95967 3.22093 -0.047873 2.81331 2.48526 -0.586635 2.8329 2.7655 -0.744513 3.33837 2.7138 -0.292877 2.95967 2.48526 -0.586635 2.8329 2.5166 -1.29781 3.05394 2.7655 -0.744513 3.33837 2.5166 -1.29781 3.05394 2.93203 -1.43516 3.04417 2.7655 -0.744513 3.33837 2.77968 -1.64811 2.77387 3.38291 -1.97702 2.9689 2.93203 -1.43516 3.04417 2.77968 -1.64811 2.77387 3.2395 -1.62494 2.43618 3.38291 -1.97702 2.9689 3.2395 -1.62494 2.43618 3.54938 -1.29392 2.58339 3.38291 -1.97702 2.9689 3.56347 -1.75752 2.10126 4.30567 -1.18725 2.47003 3.54938 -1.29392 2.58339 3.56347 -1.75752 2.10126 3.86243 -0.841915 1.98479 4.30567 -1.18725 2.47003 3.86243 -0.841915 1.98479 4.0528 -0.637798 2.18076 4.30567 -1.18725 2.47003 3.82911 0.184863 1.69348 3.08943 0.105331 2.3787 3.63195 0.14575 2.54285 3.82911 0.184863 1.69348 3.11287 -0.107349 1.89151 3.08943 0.105331 2.3787 3.11287 -0.107349 1.89151 2.74015 -0.107593 2.16432 3.08943 0.105331 2.3787 2.49957 0.102547 2.72988 2.48526 -0.586635 2.8329 2.7138 -0.292877 2.95967 2.49957 0.102547 2.72988 2.15933 -0.080335 2.61886 2.48526 -0.586635 2.8329 2.15933 -0.080335 2.61886 2.1605 -0.834511 2.69244 2.48526 -0.586635 2.8329 2.5166 -1.29781 3.05394 2.77968 -1.64811 2.77387 2.93203 -1.43516 3.04417 2.5166 -1.29781 3.05394 1.95504 -1.58839 2.74414 2.77968 -1.64811 2.77387 1.95504 -1.58839 2.74414 2.64097 -2.08541 2.44566 2.77968 -1.64811 2.77387 3.2395 -1.62494 2.43618 3.56347 -1.75752 2.10126 3.54938 -1.29392 2.58339 3.2395 -1.62494 2.43618 3.26448 -1.61429 2.05889 3.56347 -1.75752 2.10126 3.26448 -1.61429 2.05889 3.54373 -1.32475 1.63011 3.56347 -1.75752 2.10126 3.86243 -0.841915 1.98479 3.82492 -0.386468 1.95441 4.0528 -0.637798 2.18076 3.86243 -0.841915 1.98479 3.82575 -0.742385 1.31804 3.82492 -0.386468 1.95441 3.82575 -0.742385 1.31804 3.75142 -0.143024 1.55083 3.82492 -0.386468 1.95441 3.37653 -0.516423 1.4924 3.11287 -0.107349 1.89151 3.75142 -0.143024 1.55083 3.37653 -0.516423 1.4924 2.63846 -0.18352 1.8508 3.11287 -0.107349 1.89151 2.63846 -0.18352 1.8508 2.74015 -0.107593 2.16432 3.11287 -0.107349 1.89151 2.63846 -0.18352 1.8508 2.15933 -0.080335 2.61886 2.74015 -0.107593 2.16432 2.63846 -0.18352 1.8508 2.16116 -0.532139 2.24325 2.15933 -0.080335 2.61886 2.16116 -0.532139 2.24325 2.1605 -0.834511 2.69244 2.15933 -0.080335 2.61886 2.16116 -0.532139 2.24325 1.95504 -1.58839 2.74414 2.1605 -0.834511 2.69244 2.16116 -0.532139 2.24325 2.45859 -1.39268 1.80128 1.95504 -1.58839 2.74414 2.45859 -1.39268 1.80128 2.64097 -2.08541 2.44566 1.95504 -1.58839 2.74414 3.82575 -0.742385 1.31804 3.37653 -0.516423 1.4924 3.75142 -0.143024 1.55083 3.82575 -0.742385 1.31804 3.25299 -1.39183 1.46844 3.37653 -0.516423 1.4924 3.25299 -1.39183 1.46844 2.34343 -0.732409 1.70229 3.37653 -0.516423 1.4924 2.45859 -1.39268 1.80128 3.26448 -1.61429 2.05889 2.64097 -2.08541 2.44566 2.45859 -1.39268 1.80128 3.25299 -1.39183 1.46844 3.26448 -1.61429 2.05889 3.25299 -1.39183 1.46844 3.54373 -1.32475 1.63011 3.26448 -1.61429 2.05889 2.04747 2.16096 1.5703 2.71526 1.55871 1.60769 1.99415 1.7155 2.07458 3.01055 1.62822 1.75436 2.71526 1.55871 1.60769 3.0372 2.24721 1.44953 2.04747 2.16096 1.5703 1.99415 1.7155 2.07458 1.5978 2.43001 2.25979 2.04747 2.16096 1.5703 1.5978 2.43001 2.25979 1.90411 2.83629 1.78691 2.04747 2.16096 1.5703 1.90411 2.83629 1.78691 2.66814 2.48079 1.47605 3.01055 1.62822 1.75436 3.0372 2.24721 1.44953 3.34103 2.12456 1.82514 2.02337 1.09796 2.41444 2.53755 1.50829 2.10276 2.52819 1.57009 2.39536 1.55719 2.19874 2.62992 1.58263 1.6215 2.62053 1.74902 1.63555 3.09309 2.01355 2.918 2.12433 1.68394 2.78471 2.52747 2.00297 2.83295 2.61463 2.91721 2.73615 1.70014 2.51518 3.20102 1.85107 2.88297 2.96974 2.05258 3.01055 1.62822 1.75436 3.34103 2.12456 1.82514 2.99238 1.65239 2.10995 2.02337 1.09796 2.41444 2.52819 1.57009 2.39536 2.10645 1.37475 2.69922 1.55719 2.19874 2.62992 1.74902 1.63555 3.09309 1.79981 2.41239 2.78206 2.01355 2.918 2.12433 2.00297 2.83295 2.61463 2.40963 3.091 2.31243 2.91721 2.73615 1.70014 2.88297 2.96974 2.05258 3.21884 2.5622 1.86511 2.87541 1.55041 2.51957 3.1035 1.99655 2.42741 3.04037 1.87179 2.90171 2.19566 1.39425 3.12928 2.64608 1.61053 2.86799 2.6288 2.01149 3.24112 2.02247 2.69859 2.90557 2.11255 2.24912 3.19256 2.31516 2.65085 3.09775 2.88948 3.03928 2.50308 2.53098 2.98228 2.82281 2.76075 2.55492 2.67956 3.28038 2.48928 2.03556 3.19025 2.73168 2.38586 2.91376 2.32117 2.58798 2.91376 2.32117 2.58798 2.76075 2.55492 2.67956 2.83492 2.30559 2.94011 2.91376 2.32117 2.58798 3.19025 2.73168 2.38586 2.76075 2.55492 2.67956 3.19025 2.73168 2.38586 2.88948 3.03928 2.50308 2.76075 2.55492 2.67956 2.76075 2.55492 2.67956 2.31516 2.65085 3.09775 2.83492 2.30559 2.94011 2.76075 2.55492 2.67956 2.53098 2.98228 2.82281 2.31516 2.65085 3.09775 2.53098 2.98228 2.82281 2.02247 2.69859 2.90557 2.31516 2.65085 3.09775 2.31516 2.65085 3.09775 2.6288 2.01149 3.24112 2.83492 2.30559 2.94011 2.31516 2.65085 3.09775 2.11255 2.24912 3.19256 2.6288 2.01149 3.24112 2.11255 2.24912 3.19256 2.19566 1.39425 3.12928 2.6288 2.01149 3.24112 2.6288 2.01149 3.24112 3.04037 1.87179 2.90171 2.83492 2.30559 2.94011 2.6288 2.01149 3.24112 2.64608 1.61053 2.86799 3.04037 1.87179 2.90171 2.64608 1.61053 2.86799 2.87541 1.55041 2.51957 3.04037 1.87179 2.90171 3.04037 1.87179 2.90171 2.91376 2.32117 2.58798 2.83492 2.30559 2.94011 3.04037 1.87179 2.90171 3.1035 1.99655 2.42741 2.91376 2.32117 2.58798 3.1035 1.99655 2.42741 3.28038 2.48928 2.03556 2.91376 2.32117 2.58798 3.21884 2.5622 1.86511 3.19025 2.73168 2.38586 3.28038 2.48928 2.03556 3.21884 2.5622 1.86511 2.88297 2.96974 2.05258 3.19025 2.73168 2.38586 2.88297 2.96974 2.05258 2.88948 3.03928 2.50308 3.19025 2.73168 2.38586 2.40963 3.091 2.31243 2.53098 2.98228 2.82281 2.88948 3.03928 2.50308 2.40963 3.091 2.31243 2.00297 2.83295 2.61463 2.53098 2.98228 2.82281 2.00297 2.83295 2.61463 2.02247 2.69859 2.90557 2.53098 2.98228 2.82281 1.79981 2.41239 2.78206 2.11255 2.24912 3.19256 2.02247 2.69859 2.90557 1.79981 2.41239 2.78206 1.74902 1.63555 3.09309 2.11255 2.24912 3.19256 1.74902 1.63555 3.09309 2.19566 1.39425 3.12928 2.11255 2.24912 3.19256 2.10645 1.37475 2.69922 2.64608 1.61053 2.86799 2.19566 1.39425 3.12928 2.10645 1.37475 2.69922 2.52819 1.57009 2.39536 2.64608 1.61053 2.86799 2.52819 1.57009 2.39536 2.87541 1.55041 2.51957 2.64608 1.61053 2.86799 2.99238 1.65239 2.10995 3.1035 1.99655 2.42741 2.87541 1.55041 2.51957 2.99238 1.65239 2.10995 3.34103 2.12456 1.82514 3.1035 1.99655 2.42741 3.34103 2.12456 1.82514 3.28038 2.48928 2.03556 3.1035 1.99655 2.42741 2.88297 2.96974 2.05258 2.40963 3.091 2.31243 2.88948 3.03928 2.50308 2.88297 2.96974 2.05258 2.51518 3.20102 1.85107 2.40963 3.091 2.31243 2.51518 3.20102 1.85107 2.01355 2.918 2.12433 2.40963 3.091 2.31243 2.00297 2.83295 2.61463 1.79981 2.41239 2.78206 2.02247 2.69859 2.90557 2.00297 2.83295 2.61463 1.68394 2.78471 2.52747 1.79981 2.41239 2.78206 1.68394 2.78471 2.52747 1.55719 2.19874 2.62992 1.79981 2.41239 2.78206 1.74902 1.63555 3.09309 2.10645 1.37475 2.69922 2.19566 1.39425 3.12928 1.74902 1.63555 3.09309 1.58263 1.6215 2.62053 2.10645 1.37475 2.69922 1.58263 1.6215 2.62053 2.02337 1.09796 2.41444 2.10645 1.37475 2.69922 2.52819 1.57009 2.39536 2.99238 1.65239 2.10995 2.87541 1.55041 2.51957 2.52819 1.57009 2.39536 2.53755 1.50829 2.10276 2.99238 1.65239 2.10995 2.53755 1.50829 2.10276 3.01055 1.62822 1.75436 2.99238 1.65239 2.10995 3.34103 2.12456 1.82514 3.21884 2.5622 1.86511 3.28038 2.48928 2.03556 3.34103 2.12456 1.82514 3.0372 2.24721 1.44953 3.21884 2.5622 1.86511 3.0372 2.24721 1.44953 2.91721 2.73615 1.70014 3.21884 2.5622 1.86511 2.66814 2.48079 1.47605 2.51518 3.20102 1.85107 2.91721 2.73615 1.70014 2.66814 2.48079 1.47605 1.90411 2.83629 1.78691 2.51518 3.20102 1.85107 1.90411 2.83629 1.78691 2.01355 2.918 2.12433 2.51518 3.20102 1.85107 1.90411 2.83629 1.78691 1.68394 2.78471 2.52747 2.01355 2.918 2.12433 1.90411 2.83629 1.78691 1.5978 2.43001 2.25979 1.68394 2.78471 2.52747 1.5978 2.43001 2.25979 1.55719 2.19874 2.62992 1.68394 2.78471 2.52747 1.5978 2.43001 2.25979 1.58263 1.6215 2.62053 1.55719 2.19874 2.62992 1.5978 2.43001 2.25979 1.99415 1.7155 2.07458 1.58263 1.6215 2.62053 1.99415 1.7155 2.07458 2.02337 1.09796 2.41444 1.58263 1.6215 2.62053 3.0372 2.24721 1.44953 2.66814 2.48079 1.47605 2.91721 2.73615 1.70014 3.0372 2.24721 1.44953 2.71526 1.55871 1.60769 2.66814 2.48079 1.47605 2.71526 1.55871 1.60769 2.04747 2.16096 1.5703 2.66814 2.48079 1.47605 1.99415 1.7155 2.07458 2.53755 1.50829 2.10276 2.02337 1.09796 2.41444 1.99415 1.7155 2.07458 2.71526 1.55871 1.60769 2.53755 1.50829 2.10276 2.71526 1.55871 1.60769 3.01055 1.62822 1.75436 2.53755 1.50829 2.10276 2.18427 0.575431 2.18056 2.99997 -0.013384 2.43439 2.16524 -0.013847 2.80674 3.2991 0.057024 2.58297 2.99997 -0.013384 2.43439 3.32609 0.684053 2.27418 2.18427 0.575431 2.18056 2.16524 -0.013847 2.80674 1.65791 0.900713 3.04381 2.18427 0.575431 2.18056 1.65791 0.900713 3.04381 2.17829 1.28079 2.61594 2.18427 0.575431 2.18056 2.17829 1.28079 2.61594 3.02794 0.965717 2.04063 3.2991 0.057024 2.58297 3.32609 0.684053 2.27418 3.63387 0.559817 2.65467 2.29909 -0.480118 3.25162 2.86079 -0.279075 2.8428 2.8488 -0.199973 3.21732 1.60594 0.604693 3.51756 1.85263 0.050222 3.4604 2.02119 0.064456 3.93909 2.28915 1.36356 2.95775 1.76818 1.35473 3.38642 2.17653 1.41646 3.49799 3.34674 1.29257 2.32746 2.69549 1.36383 2.66033 3.16986 1.41598 2.88507 3.2991 0.057024 2.58297 3.63387 0.559817 2.65467 3.28069 0.081513 2.94318 2.29909 -0.480118 3.25162 2.8488 -0.199973 3.21732 2.38326 -0.19974 3.54011 1.60594 0.604693 3.51756 2.02119 0.064456 3.93909 1.91649 0.878163 3.71229 2.28915 1.36356 2.95775 2.17653 1.41646 3.49799 2.69038 1.53882 3.14829 3.34674 1.29257 2.32746 3.16986 1.41598 2.88507 3.5101 1.00314 2.69516 3.14642 0.151442 3.35124 3.58519 0.345888 3.25835 3.32931 0.303763 3.74523 2.47362 -0.179985 3.97575 2.92989 0.039107 3.71106 2.97758 0.365016 4.29988 2.20149 1.24449 3.87038 2.31679 0.669177 4.23773 2.59468 1.09294 3.94381 3.17646 1.48642 3.34142 2.8133 1.42867 3.6653 3.14647 1.0606 3.5811 3.75457 0.774084 2.81349 3.48113 1.17482 3.22268 3.34233 0.761398 3.46387 3.34233 0.761398 3.46387 3.14647 1.0606 3.5811 3.24141 0.741463 3.91459 3.34233 0.761398 3.46387 3.48113 1.17482 3.22268 3.14647 1.0606 3.5811 3.48113 1.17482 3.22268 3.17646 1.48642 3.34142 3.14647 1.0606 3.5811 3.14647 1.0606 3.5811 2.59468 1.09294 3.94381 3.24141 0.741463 3.91459 3.14647 1.0606 3.5811 2.8133 1.42867 3.6653 2.59468 1.09294 3.94381 2.8133 1.42867 3.6653 2.20149 1.24449 3.87038 2.59468 1.09294 3.94381 2.59468 1.09294 3.94381 2.97758 0.365016 4.29988 3.24141 0.741463 3.91459 2.59468 1.09294 3.94381 2.31679 0.669177 4.23773 2.97758 0.365016 4.29988 2.31679 0.669177 4.23773 2.47362 -0.179985 3.97575 2.97758 0.365016 4.29988 2.97758 0.365016 4.29988 3.32931 0.303763 3.74523 3.24141 0.741463 3.91459 2.97758 0.365016 4.29988 2.92989 0.039107 3.71106 3.32931 0.303763 3.74523 2.92989 0.039107 3.71106 3.14642 0.151442 3.35124 3.32931 0.303763 3.74523 3.32931 0.303763 3.74523 3.34233 0.761398 3.46387 3.24141 0.741463 3.91459 3.32931 0.303763 3.74523 3.58519 0.345888 3.25835 3.34233 0.761398 3.46387 3.58519 0.345888 3.25835 3.75457 0.774084 2.81349 3.34233 0.761398 3.46387 3.5101 1.00314 2.69516 3.48113 1.17482 3.22268 3.75457 0.774084 2.81349 3.5101 1.00314 2.69516 3.16986 1.41598 2.88507 3.48113 1.17482 3.22268 3.16986 1.41598 2.88507 3.17646 1.48642 3.34142 3.48113 1.17482 3.22268 2.69038 1.53882 3.14829 2.8133 1.42867 3.6653 3.17646 1.48642 3.34142 2.69038 1.53882 3.14829 2.17653 1.41646 3.49799 2.8133 1.42867 3.6653 2.17653 1.41646 3.49799 2.20149 1.24449 3.87038 2.8133 1.42867 3.6653 1.91649 0.878163 3.71229 2.31679 0.669177 4.23773 2.20149 1.24449 3.87038 1.91649 0.878163 3.71229 2.02119 0.064456 3.93909 2.31679 0.669177 4.23773 2.02119 0.064456 3.93909 2.47362 -0.179985 3.97575 2.31679 0.669177 4.23773 2.38326 -0.19974 3.54011 2.92989 0.039107 3.71106 2.47362 -0.179985 3.97575 2.38326 -0.19974 3.54011 2.8488 -0.199973 3.21732 2.92989 0.039107 3.71106 2.8488 -0.199973 3.21732 3.14642 0.151442 3.35124 2.92989 0.039107 3.71106 3.28069 0.081513 2.94318 3.58519 0.345888 3.25835 3.14642 0.151442 3.35124 3.28069 0.081513 2.94318 3.63387 0.559817 2.65467 3.58519 0.345888 3.25835 3.63387 0.559817 2.65467 3.75457 0.774084 2.81349 3.58519 0.345888 3.25835 3.16986 1.41598 2.88507 2.69038 1.53882 3.14829 3.17646 1.48642 3.34142 3.16986 1.41598 2.88507 2.69549 1.36383 2.66033 2.69038 1.53882 3.14829 2.69549 1.36383 2.66033 2.28915 1.36356 2.95775 2.69038 1.53882 3.14829 2.17653 1.41646 3.49799 1.91649 0.878163 3.71229 2.20149 1.24449 3.87038 2.17653 1.41646 3.49799 1.76818 1.35473 3.38642 1.91649 0.878163 3.71229 1.76818 1.35473 3.38642 1.60594 0.604693 3.51756 1.91649 0.878163 3.71229 2.02119 0.064456 3.93909 2.38326 -0.19974 3.54011 2.47362 -0.179985 3.97575 2.02119 0.064456 3.93909 1.85263 0.050222 3.4604 2.38326 -0.19974 3.54011 1.85263 0.050222 3.4604 2.29909 -0.480118 3.25162 2.38326 -0.19974 3.54011 2.8488 -0.199973 3.21732 3.28069 0.081513 2.94318 3.14642 0.151442 3.35124 2.8488 -0.199973 3.21732 2.86079 -0.279075 2.8428 3.28069 0.081513 2.94318 2.86079 -0.279075 2.8428 3.2991 0.057024 2.58297 3.28069 0.081513 2.94318 3.63387 0.559817 2.65467 3.5101 1.00314 2.69516 3.75457 0.774084 2.81349 3.63387 0.559817 2.65467 3.32609 0.684053 2.27418 3.5101 1.00314 2.69516 3.32609 0.684053 2.27418 3.34674 1.29257 2.32746 3.5101 1.00314 2.69516 3.02794 0.965717 2.04063 2.69549 1.36383 2.66033 3.34674 1.29257 2.32746 3.02794 0.965717 2.04063 2.17829 1.28079 2.61594 2.69549 1.36383 2.66033 2.17829 1.28079 2.61594 2.28915 1.36356 2.95775 2.69549 1.36383 2.66033 2.17829 1.28079 2.61594 1.76818 1.35473 3.38642 2.28915 1.36356 2.95775 2.17829 1.28079 2.61594 1.65791 0.900713 3.04381 1.76818 1.35473 3.38642 1.65791 0.900713 3.04381 1.60594 0.604693 3.51756 1.76818 1.35473 3.38642 1.65791 0.900713 3.04381 1.85263 0.050222 3.4604 1.60594 0.604693 3.51756 1.65791 0.900713 3.04381 2.16524 -0.013847 2.80674 1.85263 0.050222 3.4604 2.16524 -0.013847 2.80674 2.29909 -0.480118 3.25162 1.85263 0.050222 3.4604 3.32609 0.684053 2.27418 3.02794 0.965717 2.04063 3.34674 1.29257 2.32746 3.32609 0.684053 2.27418 2.99997 -0.013384 2.43439 3.02794 0.965717 2.04063 2.99997 -0.013384 2.43439 2.18427 0.575431 2.18056 3.02794 0.965717 2.04063 2.16524 -0.013847 2.80674 2.86079 -0.279075 2.8428 2.29909 -0.480118 3.25162 2.16524 -0.013847 2.80674 2.99997 -0.013384 2.43439 2.86079 -0.279075 2.8428 2.99997 -0.013384 2.43439 3.2991 0.057024 2.58297 2.86079 -0.279075 2.8428 </float_array>
                    <technique_common>
                        <accessor count="2396" offset="0" source="#Mesh-1-positions-array" stride="3">
                            <param name="X" type="float" />
                            <param name="Y" type="float" />
                            <param name="Z" type="float" />
                        </accessor>
                    </technique_common>
                </source>
                <source id="Mesh-1-normals" name="normal">
                    <float_array id="Mesh-1-normals-array" count="7188">-0.1913 0.973 0.1292 -0.1913 0.973 0.1292 -0.1913 0.973 0.1292 -0.1913 0.973 0.1292 0.2659 0.9178 -0.2949 0.2659 0.9178 -0.2949 0.2659 0.9178 -0.2949 0.2659 0.9178 -0.2949 0.6388 0.5103 -0.5758 0.6388 0.5102 -0.5758 0.6388 0.5102 -0.5758 0.6388 0.5103 -0.5758 0.7887 -0.0857 -0.6088 0.7887 -0.0856 -0.6088 0.7887 -0.0856 -0.6088 0.7887 -0.0857 -0.6088 0.6589 -0.6487 -0.3808 0.6589 -0.6487 -0.3808 0.6589 -0.6487 -0.3808 0.6589 -0.6487 -0.3808 0.292 -0.9561 0.0248 0.292 -0.9561 0.0248 0.292 -0.9561 0.0248 0.292 -0.9561 0.0248 -0.1612 -0.8829 0.441 -0.1612 -0.8829 0.441 -0.1612 -0.8829 0.441 -0.1612 -0.8829 0.441 -0.5207 -0.4785 0.707 -0.5207 -0.4786 0.707 -0.5207 -0.4785 0.707 -0.5207 -0.4785 0.707 0.6806 -0.6398 -0.357 0.6806 -0.6398 -0.357 0.6806 -0.6398 -0.357 0.6806 -0.6398 -0.3569 -0.6661 0.0977 0.7394 -0.6661 0.0977 0.7394 -0.6661 0.0977 0.7394 -0.6661 0.0977 0.7394 -0.5472 0.6509 0.5262 -0.5472 0.6509 0.5262 -0.5472 0.6509 0.5262 -0.5472 0.6509 0.5262 -0.54 -0.0825 -0.8376 -0.54 -0.0825 -0.8376 -0.54 -0.0825 -0.8376 -0.54 -0.0825 -0.8376 -0.54 -0.0825 -0.8376 -0.54 -0.0825 -0.8376 -0.54 -0.0825 -0.8376 -0.54 -0.0825 -0.8376 -0.54 -0.0825 -0.8376 -0.54 -0.0825 -0.8376 -0.3386 0.9072 0.2495 -0.3386 0.9072 0.2495 -0.3386 0.9072 0.2495 -0.3386 0.9072 0.2495 -0.4844 0.8586 0.1678 -0.4844 0.8586 0.1679 -0.4844 0.8586 0.1678 -0.4844 0.8586 0.1678 -0.57 0.799 0.1915 -0.57 0.799 0.1915 -0.57 0.799 0.1915 -0.57 0.799 0.1915 -0.6481 0.7305 0.2154 -0.6481 0.7304 0.2154 -0.6481 0.7304 0.2154 -0.6481 0.7304 0.2154 0.2286 0.93 -0.2879 0.2286 0.93 -0.2879 0.2286 0.93 -0.2879 0.2286 0.93 -0.2879 -0.6688 0.4906 0.5586 -0.6688 0.4906 0.5586 -0.6688 0.4906 0.5586 -0.6688 0.4907 0.5586 -0.7761 0.4081 0.4808 -0.7761 0.4081 0.4808 -0.7761 0.4081 0.4808 -0.7761 0.4081 0.4808 -0.8135 0.3113 0.4913 -0.8135 0.3113 0.4913 -0.8135 0.3113 0.4913 -0.8135 0.3113 0.4913 -0.8475 0.2093 0.4877 -0.8475 0.2093 0.4877 -0.8475 0.2093 0.4877 -0.8475 0.2093 0.4877 0.363 -0.0281 0.9314 0.363 -0.0282 0.9314 0.3629 -0.0282 0.9314 0.363 -0.0282 0.9314 -0.6932 -0.1001 0.7138 -0.6932 -0.1002 0.7138 -0.6932 -0.1001 0.7138 -0.6932 -0.1002 0.7138 -0.748 -0.1952 0.6343 -0.748 -0.1952 0.6343 -0.748 -0.1952 0.6343 -0.748 -0.1953 0.6343 -0.7286 -0.2947 0.6184 -0.7286 -0.2947 0.6184 -0.7285 -0.2947 0.6184 -0.7286 -0.2947 0.6184 -0.7169 -0.395 0.5744 -0.7169 -0.395 0.5744 -0.7169 -0.395 0.5744 -0.7169 -0.395 0.5744 0.6229 -0.6895 -0.3694 0.6229 -0.6895 -0.3694 0.6229 -0.6895 -0.3695 0.6229 -0.6896 -0.3695 -0.4117 -0.6295 0.6589 -0.4117 -0.6296 0.6589 -0.4117 -0.6296 0.6589 -0.4117 -0.6296 0.6589 -0.4154 -0.7096 0.5691 -0.4154 -0.7096 0.5691 -0.4154 -0.7096 0.5691 -0.4154 -0.7096 0.5691 -0.3531 -0.7751 0.5239 -0.3531 -0.7751 0.5239 -0.3531 -0.7751 0.5239 -0.3531 -0.7751 0.5239 -0.3098 -0.8419 0.4419 -0.3097 -0.8419 0.4419 -0.3098 -0.8419 0.4419 -0.3098 -0.8419 0.4419 -0.5347 -0.3376 -0.7747 -0.5347 -0.3376 -0.7747 -0.5347 -0.3376 -0.7747 -0.5347 -0.3376 -0.7747 0.0572 -0.9036 0.4246 0.0572 -0.9036 0.4246 0.0572 -0.9036 0.4246 0.0572 -0.9036 0.4246 0.0833 -0.9439 0.3195 0.0833 -0.9439 0.3195 0.0833 -0.9439 0.3195 0.0833 -0.9439 0.3195 0.1591 -0.9542 0.2534 0.1591 -0.9542 0.2534 0.1591 -0.9542 0.2534 0.159 -0.9542 0.2534 0.2116 -0.9663 0.1467 0.2116 -0.9663 0.1467 0.2116 -0.9663 0.1467 0.2116 -0.9663 0.1467 0.741 0.1608 0.652 0.741 0.1608 0.652 0.741 0.1609 0.6519 0.741 0.1608 0.6519 0.5422 -0.8343 0.1 0.5422 -0.8343 0.1 0.5422 -0.8343 0.1 0.5422 -0.8343 0.1 0.5659 -0.8242 -0.0196 0.566 -0.8242 -0.0196 0.566 -0.8242 -0.0196 0.5659 -0.8242 -0.0196 0.6229 -0.7768 -0.0923 0.6229 -0.7768 -0.0923 0.6229 -0.7768 -0.0923 0.623 -0.7768 -0.0923 0.6558 -0.7277 -0.2012 0.6558 -0.7277 -0.2012 0.6558 -0.7276 -0.2012 0.6558 -0.7277 -0.2012 0.8382 0.3698 -0.401 0.8382 0.3698 -0.401 0.8382 0.3698 -0.4009 0.8382 0.3698 -0.4009 0.8729 -0.4444 -0.2013 0.8729 -0.4444 -0.2013 0.8729 -0.4444 -0.2013 0.8729 -0.4444 -0.2013 0.8607 -0.3887 -0.3288 0.8607 -0.3887 -0.3288 0.8607 -0.3887 -0.3288 0.8607 -0.3887 -0.3288 0.8705 -0.2995 -0.3904 0.8705 -0.2995 -0.3904 0.8705 -0.2995 -0.3904 0.8705 -0.2995 -0.3904 0.8559 -0.2078 -0.4735 0.8559 -0.2078 -0.4735 0.8559 -0.2078 -0.4735 0.8559 -0.2078 -0.4735 -0.1729 0.9848 -0.0155 -0.1729 0.9848 -0.0155 -0.1729 0.9848 -0.0154 -0.1729 0.9848 -0.0154 0.9202 0.1348 -0.3674 0.9202 0.1348 -0.3674 0.9202 0.1348 -0.3674 0.9202 0.1348 -0.3674 0.8463 0.2106 -0.4894 0.8463 0.2106 -0.4894 0.8463 0.2106 -0.4894 0.8463 0.2106 -0.4894 0.7954 0.3057 -0.5233 0.7954 0.3058 -0.5233 0.7954 0.3058 -0.5233 0.7954 0.3057 -0.5233 0.7265 0.3967 -0.561 0.7265 0.3967 -0.561 0.7266 0.3967 -0.561 0.7266 0.3967 -0.561 -0.1726 -0.1996 -0.9646 -0.1726 -0.1996 -0.9646 -0.1726 -0.1996 -0.9645 -0.1726 -0.1996 -0.9645 0.652 0.6841 -0.327 0.652 0.6841 -0.327 0.652 0.6841 -0.327 0.652 0.6841 -0.327 0.5187 0.7377 -0.4321 0.5187 0.7377 -0.4321 0.5187 0.7377 -0.4321 0.5187 0.7377 -0.4321 0.4215 0.7963 -0.4339 0.4214 0.7963 -0.4339 0.4214 0.7963 -0.4339 0.4214 0.7963 -0.4339 0.3216 0.8432 -0.4307 0.3216 0.8432 -0.4307 0.3216 0.8432 -0.4307 0.3216 0.8432 -0.4307 -0.5748 -0.3926 0.7179 -0.5748 -0.3926 0.7179 -0.5748 -0.3926 0.718 -0.5748 -0.3926 0.718 0.1684 0.9815 -0.0905 0.1684 0.9815 -0.0905 0.1684 0.9815 -0.0905 0.1684 0.9815 -0.0905 0.0097 0.9836 -0.1804 0.0096 0.9836 -0.1803 0.0097 0.9836 -0.1804 0.0097 0.9836 -0.1804 -0.0992 0.982 -0.1607 -0.0993 0.982 -0.1607 -0.0992 0.982 -0.1607 -0.0992 0.982 -0.1607 -0.2072 0.9694 -0.132 -0.2072 0.9694 -0.132 -0.2072 0.9694 -0.1319 -0.2072 0.9694 -0.132 0.6572 0.0046 0.7537 0.6572 0.0046 0.7537 0.6572 0.0046 0.7537 0.6572 0.0046 0.7537 -0.7765 0.2772 -0.5658 -0.7765 0.2772 -0.5658 -0.7765 0.2772 -0.5658 -0.7765 0.2772 -0.5658 -0.9766 0.2082 0.0538 -0.9766 0.2082 0.0538 -0.9766 0.2082 0.0538 -0.9766 0.2082 0.0538 0.462 -0.1118 0.8798 0.462 -0.1119 0.8798 0.4619 -0.1119 0.8798 0.462 -0.1119 0.8798 0.6048 0.4481 -0.6583 0.6048 0.4481 -0.6583 0.6048 0.4481 -0.6583 0.6048 0.4481 -0.6583 -0.1417 0.4405 -0.8865 -0.1417 0.4405 -0.8865 -0.1417 0.4405 -0.8865 -0.1417 0.4405 -0.8865 -0.6815 0.2563 -0.6855 -0.6815 0.2563 -0.6855 -0.6816 0.2563 -0.6854 -0.6815 0.2563 -0.6854 0.8626 0.4002 -0.3095 0.8626 0.4002 -0.3095 0.8626 0.4002 -0.3095 0.8626 0.4002 -0.3095 -0.9338 -0.2601 0.2458 -0.9338 -0.2601 0.2458 -0.9338 -0.26 0.2458 -0.9338 -0.26 0.2458 -0.7207 0.5511 -0.4205 -0.7207 0.5511 -0.4205 -0.7207 0.5512 -0.4206 -0.7207 0.5512 -0.4206 0.942 -0.3185 -0.1061 0.942 -0.3185 -0.1061 0.942 -0.3185 -0.1062 0.942 -0.3185 -0.1062 -0.2799 0.2527 -0.9262 -0.2799 0.2527 -0.9262 -0.2799 0.2527 -0.9262 -0.2799 0.2527 -0.9262 0.1691 -0.0605 0.9837 0.1691 -0.0605 0.9837 0.1692 -0.0605 0.9837 0.1691 -0.0605 0.9837 0.8889 -0.1009 0.4469 0.8889 -0.1009 0.4469 0.8889 -0.1009 0.4468 0.8889 -0.1009 0.4468 0.9976 -0.0674 -0.0177 0.9976 -0.0674 -0.0176 0.9976 -0.0674 -0.0176 0.9976 -0.0674 -0.0175 0.4283 0.1264 -0.8947 0.4283 0.1264 -0.8947 0.4283 0.1264 -0.8947 0.4283 0.1264 -0.8947 -0.3713 0.0065 0.9285 -0.3713 0.0065 0.9285 -0.3713 0.0065 0.9285 -0.3713 0.0065 0.9285 0.4398 0.2138 -0.8723 0.4398 0.2138 -0.8723 0.4399 0.2138 -0.8722 0.4399 0.2138 -0.8722 0.8181 -0.4212 0.3915 0.8181 -0.4212 0.3915 0.8181 -0.4212 0.3916 0.8181 -0.4212 0.3916 -0.1942 0.4809 -0.855 -0.1942 0.4809 -0.855 -0.1943 0.4809 -0.855 -0.1943 0.4809 -0.855 -0.9 0.4081 0.1536 -0.9 0.4081 0.1535 -0.9 0.408 0.1536 -0.9 0.408 0.1536 0.1489 -0.3394 0.9288 0.1486 -0.3394 0.9288 0.1485 -0.3393 0.9289 0.1485 -0.3393 0.9289 0.8111 -0.4363 0.3895 0.8111 -0.4363 0.3895 0.8111 -0.4363 0.3896 0.8111 -0.4363 0.3896 0.4347 0.2006 -0.878 0.4347 0.2006 -0.878 0.4347 0.2006 -0.8779 0.4348 0.2006 -0.8779 -0.3763 -0.1103 0.9199 -0.3763 -0.1103 0.9199 -0.3763 -0.1103 0.9199 -0.3763 -0.1103 0.9199 0.6502 0.7535 0.0975 0.6502 0.7535 0.0975 0.6502 0.7535 0.0975 0.6799 0.6914 0.2444 0.6799 0.6914 0.2444 0.6799 0.6914 0.2444 0.3922 0.8873 0.2427 0.3922 0.8873 0.2427 0.3922 0.8873 0.2427 -0.0798 0.9297 0.3596 -0.0798 0.9297 0.3596 -0.0798 0.9297 0.3596 0.1597 0.6915 0.7045 0.1597 0.6915 0.7045 0.1597 0.6915 0.7045 0.2638 0.8658 0.4252 0.2638 0.8658 0.4252 0.2638 0.8658 0.4252 -0.3702 -0.0973 0.9239 -0.3702 -0.0973 0.9239 -0.3703 -0.0972 0.9238 -0.3703 -0.0972 0.9238 0.9467 -0.3057 -0.1017 0.9467 -0.3057 -0.1017 0.9467 -0.3057 -0.1016 0.9467 -0.3057 -0.1016 -0.7163 0.5645 -0.4102 -0.7163 0.5645 -0.4102 -0.7163 0.5645 -0.4102 -0.7163 0.5645 -0.4102 -0.1817 0.4935 -0.8506 -0.1817 0.4935 -0.8506 -0.1816 0.4935 -0.8506 -0.1819 0.4935 -0.8505 -0.8935 0.4202 0.1583 -0.8935 0.4202 0.1583 -0.8935 0.4202 0.1583 -0.8935 0.4202 0.1583 0.1504 -0.3226 0.9345 0.1504 -0.3226 0.9345 0.1508 -0.3228 0.9344 0.1504 -0.3227 0.9345 -0.0324 -0.2639 -0.964 -0.0324 -0.2639 -0.964 -0.0324 -0.264 -0.964 -0.0323 -0.264 -0.964 -0.0762 0.1902 -0.9788 -0.0762 0.1901 -0.9788 -0.0762 0.1902 -0.9788 -0.0762 0.1902 -0.9788 -0.2287 0.128 -0.965 -0.2287 0.128 -0.965 -0.2287 0.128 -0.965 -0.2287 0.128 -0.965 -0.2282 0.9374 -0.2632 -0.2282 0.9374 -0.2632 -0.2282 0.9373 -0.2633 -0.2282 0.9373 -0.2633 0.3838 0.0135 0.9233 0.3838 0.0135 0.9233 0.3838 0.0134 0.9233 0.3838 0.0134 0.9233 0.373 0.0986 0.9226 0.3729 0.0986 0.9226 0.373 0.0986 0.9226 0.3729 0.0987 0.9226 0.1529 -0.9882 -0.001 0.1529 -0.9882 -0.001 0.1528 -0.9883 -0.0011 0.1528 -0.9883 -0.0011 0.2521 -0.915 0.3149 0.2521 -0.915 0.3149 0.2521 -0.915 0.3149 0.2521 -0.915 0.3149 -0.0132 0.2184 0.9758 -0.0132 0.2184 0.9758 -0.0132 0.2184 0.9758 -0.0132 0.2184 0.9758 0.0804 -0.7695 0.6336 0.0804 -0.7695 0.6336 0.0804 -0.7695 0.6336 0.0804 -0.7695 0.6336 0.125 0.2417 0.9623 0.125 0.2417 0.9623 0.125 0.2417 0.9623 0.125 0.2417 0.9623 0.1647 -0.7811 0.6023 0.1647 -0.7812 0.6022 0.1647 -0.7811 0.6022 0.1647 -0.7811 0.6022 0.1556 -0.1203 0.9805 0.1556 -0.1203 0.9805 0.1556 -0.1202 0.9805 0.1556 -0.1202 0.9805 0.0972 -0.9667 -0.2367 0.0973 -0.9668 -0.2365 0.0973 -0.9668 -0.2364 0.0973 -0.9668 -0.2364 -0.0966 0.8242 -0.558 -0.0966 0.8242 -0.558 -0.0966 0.8242 -0.5581 -0.0966 0.8242 -0.5581 -0.0229 0.9723 0.2325 -0.0229 0.9723 0.2325 -0.0228 0.9723 0.2325 -0.0229 0.9723 0.2325 0.6453 -0.1935 -0.739 0.6453 -0.1935 -0.739 0.6453 -0.1935 -0.739 0.6453 -0.1934 -0.739 0.5967 0.2606 -0.759 0.5967 0.2606 -0.759 0.5967 0.2605 -0.759 0.5967 0.2605 -0.759 0.0123 -0.1229 0.9923 0.0123 -0.1229 0.9923 0.0123 -0.1229 0.9923 0.0123 -0.1229 0.9923 0.1886 -0.9561 -0.2242 0.1886 -0.9561 -0.2242 0.1886 -0.9561 -0.2242 0.1886 -0.9561 -0.2242 0.0452 0.831 -0.5544 0.0452 0.831 -0.5544 0.0452 0.831 -0.5544 0.0452 0.831 -0.5544 -0.0413 0.9634 0.265 -0.0413 0.9634 0.265 -0.0413 0.9634 0.265 -0.0413 0.9634 0.265 0.171 0.2071 -0.9633 0.171 0.2071 -0.9633 0.171 0.2071 -0.9633 0.171 0.2071 -0.9633 0.2166 -0.2348 -0.9476 0.2166 -0.2348 -0.9476 0.2166 -0.2349 -0.9476 0.2166 -0.2348 -0.9476 0.8259 0.0972 0.5554 0.8259 0.0973 0.5554 0.8259 0.0972 0.5553 0.8259 0.0973 0.5554 0.8259 0.0972 0.5554 0.8259 0.0974 0.5554 0.8259 0.0972 0.5554 0.8258 0.0975 0.5555 -0.1757 -0.8161 0.5506 -0.1757 -0.8161 0.5506 -0.1757 -0.8161 0.5505 -0.1757 -0.8161 0.5505 -0.4764 0.1846 0.8596 -0.4764 0.1846 0.8596 -0.4764 0.1845 0.8596 -0.4764 0.1845 0.8596 -0.4509 -0.1814 0.874 -0.4509 -0.1814 0.874 -0.4509 -0.1813 0.874 -0.4509 -0.1813 0.874 0.3152 -0.9392 -0.1364 0.3152 -0.9392 -0.1364 0.3152 -0.9392 -0.1364 0.3152 -0.9392 -0.1364 0.2791 0.8624 -0.4223 0.2791 0.8624 -0.4223 0.2791 0.8624 -0.4223 0.2791 0.8624 -0.4223 -0.1622 0.9581 0.236 -0.1622 0.9581 0.236 -0.1622 0.9581 0.236 -0.1622 0.9581 0.236 -0.3169 -0.4181 0.8514 -0.3169 -0.4181 0.8514 -0.3169 -0.4181 0.8514 -0.3169 -0.4181 0.8514 0.6174 0.526 0.585 0.6174 0.526 0.585 0.6174 0.526 0.585 0.6173 0.526 0.585 -0.8457 -0.2394 0.4769 -0.8457 -0.2394 0.4769 -0.8457 -0.2394 0.4769 -0.8457 -0.2394 0.4769 -0.6031 -0.3426 -0.7203 -0.6031 -0.3426 -0.7203 -0.6032 -0.3427 -0.7203 -0.6031 -0.3427 -0.7203 -0.3196 -0.2342 -0.9182 -0.3196 -0.2342 -0.9182 -0.3196 -0.2342 -0.9182 -0.3196 -0.2342 -0.9182 0.5987 0.2542 -0.7596 0.5987 0.2542 -0.7595 0.5987 0.2542 -0.7596 0.5986 0.2542 -0.7596 0.427 0.0639 0.902 0.427 0.0638 0.902 0.427 0.0639 0.902 0.427 0.0639 0.902 -0.6711 -0.1926 0.7159 -0.6711 -0.1926 0.7159 -0.6711 -0.1926 0.716 -0.6711 -0.1926 0.7159 0.5634 0.7554 -0.3347 0.5634 0.7554 -0.3347 0.5634 0.7554 -0.3347 0.5634 0.7554 -0.3347 0.4389 -0.0363 -0.8978 0.4389 -0.0363 -0.8978 0.4389 -0.0362 -0.8978 0.4389 -0.0362 -0.8978 0.2694 0.1703 0.9479 0.2694 0.1703 0.9479 0.2694 0.1703 0.9478 0.2694 0.1703 0.9478 -0.5571 -0.6839 0.4711 -0.5571 -0.6839 0.4711 -0.5571 -0.6839 0.4711 -0.5571 -0.6839 0.4711 0.3116 0.2015 -0.9286 0.3116 0.2015 -0.9286 0.3115 0.2015 -0.9286 0.3115 0.2015 -0.9286 0.7187 0.6383 -0.2758 0.7187 0.6383 -0.2758 0.7187 0.6383 -0.2758 0.7187 0.6383 -0.2758 -0.1513 -0.3095 -0.9388 -0.1513 -0.3095 -0.9388 -0.1513 -0.3095 -0.9388 -0.1513 -0.3095 -0.9388 -0.5238 -0.704 -0.4796 -0.5238 -0.7041 -0.4795 -0.5238 -0.704 -0.4796 -0.5238 -0.704 -0.4797 0.4136 -0.8595 0.3002 0.4136 -0.8595 0.3002 0.4136 -0.8595 0.3002 0.3814 -0.8896 0.2514 0.3814 -0.8896 0.2514 0.3814 -0.8896 0.2514 0.3254 -0.8545 0.4048 0.3254 -0.8545 0.4048 0.3254 -0.8545 0.4048 0.3206 -0.8555 0.4066 0.3206 -0.8555 0.4066 0.3206 -0.8555 0.4066 0.8115 -0.5655 -0.1475 0.8115 -0.5655 -0.1475 0.8115 -0.5655 -0.1475 0.7702 -0.6376 -0.0178 0.7702 -0.6376 -0.0178 0.7702 -0.6376 -0.0178 0.1818 -0.5305 -0.8279 0.1818 -0.5305 -0.8279 0.1818 -0.5305 -0.8279 0.1818 -0.5305 -0.828 -0.2507 -0.9318 -0.2626 -0.2507 -0.9318 -0.2626 -0.2507 -0.9318 -0.2625 -0.2507 -0.9318 -0.2625 -0.4324 -0.2485 0.8668 -0.4324 -0.2485 0.8668 -0.4324 -0.2485 0.8667 -0.4324 -0.2485 0.8667 0.1627 0.7712 0.6154 0.1627 0.7712 0.6154 0.1627 0.7712 0.6154 0.1627 0.7712 0.6154 0.0446 0.651 0.7577 0.0446 0.651 0.7577 0.0446 0.651 0.7577 0.0446 0.651 0.7578 -0.4914 -0.7255 0.4818 -0.4914 -0.7255 0.4818 -0.4914 -0.7255 0.4818 -0.4914 -0.7255 0.4818 -0.3221 0.8821 0.3437 -0.3221 0.8821 0.3437 -0.3221 0.8821 0.3437 -0.3221 0.8821 0.3437 0.8296 0.0126 0.5582 0.8296 0.0126 0.5582 0.8296 0.0125 0.5582 0.8296 0.0125 0.5582 0.3909 0.1857 0.9015 0.3909 0.1857 0.9015 0.3909 0.1858 0.9015 0.3909 0.1858 0.9015 0.7437 -0.6491 -0.1598 0.7437 -0.6491 -0.1598 0.7437 -0.6491 -0.1598 0.7437 -0.6491 -0.1598 0.6322 -0.0882 0.7698 0.6322 -0.0882 0.7698 0.6322 -0.0882 0.7697 0.6322 -0.0882 0.7697 -0.7382 0.6614 0.1323 -0.7382 0.6614 0.1322 -0.7383 0.6614 0.1322 -0.7383 0.6614 0.1322 -0.7291 -0.12 -0.6738 -0.7291 -0.12 -0.6738 -0.7291 -0.1199 -0.6738 -0.7291 -0.1199 -0.6738 -0.5598 0.7337 0.3852 -0.5598 0.7337 0.3852 -0.5597 0.7337 0.3852 -0.5598 0.7337 0.3852 0.541 0.634 0.5526 0.541 0.634 0.5526 0.541 0.6341 0.5525 0.541 0.6341 0.5525 0.8191 -0.0128 0.5735 0.8191 -0.0128 0.5735 0.8191 -0.0127 0.5735 0.8191 -0.0127 0.5735 0.499 0.5814 0.6426 0.499 0.5814 0.6426 0.499 0.5814 0.6426 0.499 0.5814 0.6426 -0.8563 0.5076 -0.0958 -0.8563 0.5076 -0.0958 -0.8563 0.5076 -0.0958 -0.8563 0.5076 -0.0958 0.379 -0.9211 -0.0892 0.379 -0.9211 -0.0892 0.379 -0.9211 -0.0892 0.379 -0.9211 -0.0892 0.7395 -0.6399 0.2089 0.7395 -0.6399 0.2089 0.7395 -0.6399 0.2089 0.7395 -0.6399 0.2089 -0.5022 -0.7474 -0.435 -0.5022 -0.7474 -0.435 -0.5022 -0.7474 -0.435 -0.5022 -0.7474 -0.435 -0.8979 -0.1817 -0.4009 -0.8979 -0.1817 -0.4009 -0.8979 -0.1817 -0.4009 -0.8979 -0.1817 -0.4009 -0.4191 -0.3952 0.8174 -0.4191 -0.3952 0.8174 -0.4191 -0.3952 0.8174 -0.2732 -0.3492 0.8963 -0.2732 -0.3492 0.8963 -0.2732 -0.3492 0.8963 -0.2879 -0.6631 0.6909 -0.2879 -0.6631 0.6909 -0.2879 -0.6631 0.6909 -0.0772 -0.6981 0.7118 -0.0772 -0.6981 0.7118 -0.0772 -0.6981 0.7118 0.0448 -0.7303 0.6816 0.0448 -0.7303 0.6816 0.0448 -0.7303 0.6816 -0.0744 -0.7274 0.6821 -0.0744 -0.7274 0.6821 -0.0744 -0.7274 0.6821 -0.7317 0.6325 -0.2542 -0.7317 0.6325 -0.2542 -0.7318 0.6324 -0.2542 -0.7315 0.6327 -0.254 0.3274 -0.9441 0.0393 0.3274 -0.9441 0.0393 0.3274 -0.9441 0.0393 0.3274 -0.9441 0.0393 0.6583 -0.6895 0.302 0.6583 -0.6895 0.302 0.6582 -0.6896 0.302 0.6582 -0.6896 0.302 -0.501 -0.7586 -0.4166 -0.501 -0.7586 -0.4166 -0.5011 -0.7585 -0.4166 -0.5011 -0.7585 -0.4166 -0.8558 -0.137 -0.4989 -0.8558 -0.137 -0.4989 -0.8558 -0.1371 -0.4989 -0.8558 -0.1371 -0.4989 -0.2528 0.9598 0.1223 -0.2528 0.9598 0.1223 -0.2528 0.9598 0.1223 -0.2528 0.9598 0.1223 -0.8126 -0.4438 -0.3778 -0.8126 -0.4438 -0.3778 -0.8126 -0.4438 -0.3778 -0.8126 -0.4438 -0.3778 -0.1226 0.7748 -0.6202 -0.1226 0.7748 -0.6202 -0.1226 0.7748 -0.6202 -0.1226 0.7748 -0.6202 -0.5792 0.0275 -0.8147 -0.5792 0.0275 -0.8148 -0.5792 0.0276 -0.8148 -0.5792 0.0275 -0.8147 0.0981 0.9008 -0.4229 0.0981 0.9008 -0.4229 0.0981 0.9008 -0.423 0.0981 0.9008 -0.423 -0.6473 -0.2609 -0.7162 -0.6473 -0.2608 -0.7162 -0.6473 -0.2609 -0.7162 -0.6473 -0.2609 -0.7162 0.4568 0.4545 0.7647 0.4568 0.4545 0.7647 0.4579 0.454 0.7643 0.4568 0.4546 0.7647 -0.0785 -0.8695 0.4876 -0.0785 -0.8695 0.4876 -0.0784 -0.8695 0.4877 -0.0784 -0.8695 0.4876 -0.2136 -0.95 0.2279 -0.2136 -0.95 0.2279 -0.2137 -0.95 0.2279 -0.2137 -0.95 0.2279 -0.0576 0.7154 -0.6964 -0.0576 0.7154 -0.6964 -0.0576 0.7154 -0.6964 -0.0576 0.7154 -0.6964 0.3357 0.794 -0.5068 0.3357 0.794 -0.5068 0.3357 0.794 -0.5068 0.3357 0.794 -0.5068 -0.6894 0.1754 -0.7028 -0.6894 0.1754 -0.7028 -0.6894 0.1754 -0.7028 -0.6894 0.1754 -0.7028 -0.3962 -0.8715 0.289 -0.3962 -0.8715 0.289 -0.3962 -0.8715 0.2891 -0.3962 -0.8715 0.2891 0.1697 -0.6991 0.6946 0.1697 -0.6991 0.6946 0.1697 -0.6991 0.6946 0.1697 -0.6991 0.6946 0.6068 -0.2137 0.7656 0.6068 -0.2137 0.7656 0.6068 -0.2137 0.7656 0.6068 -0.2137 0.7656 0.7622 0.5244 0.3795 0.7622 0.5244 0.3795 0.7622 0.5244 0.3795 0.7622 0.5244 0.3795 0.3342 0.8947 -0.2963 0.3342 0.8947 -0.2963 0.3341 0.8947 -0.2963 0.3341 0.8947 -0.2963 0.8136 -0.2524 0.5238 0.8136 -0.2524 0.5238 0.8137 -0.2523 0.5237 0.8137 -0.2523 0.5237 0.1656 -0.6342 0.7552 0.1656 -0.6342 0.7552 0.1656 -0.6342 0.7552 0.1656 -0.6342 0.7552 -0.9197 -0.3813 -0.0934 -0.9197 -0.3813 -0.0934 -0.9197 -0.3813 -0.0935 -0.9197 -0.3813 -0.0935 -0.7677 0.2037 -0.6076 -0.7677 0.2037 -0.6076 -0.7677 0.2036 -0.6075 -0.7677 0.2036 -0.6075 -0.456 -0.7126 0.5331 -0.456 -0.7126 0.5331 -0.456 -0.7127 0.5331 -0.456 -0.7127 0.5331 0.1234 -0.5931 0.7956 0.1234 -0.5931 0.7956 0.1233 -0.5931 0.7956 0.1233 -0.5931 0.7956 0.6272 -0.1955 0.7539 0.6272 -0.1955 0.7539 0.6273 -0.1954 0.7539 0.6273 -0.1954 0.7538 0.8557 0.4582 0.2405 0.8557 0.4582 0.2405 0.8557 0.4581 0.2406 0.8557 0.4581 0.2406 -0.4372 0.7327 0.5215 -0.4372 0.7327 0.5215 -0.4372 0.7327 0.5215 -0.0001 0.799 0.6013 -0.0001 0.799 0.6013 -0.0001 0.799 0.6013 -0.6215 -0.04 0.7824 -0.6215 -0.04 0.7824 -0.6215 -0.04 0.7824 -0.4662 0.2173 0.8576 -0.4662 0.2173 0.8576 -0.4662 0.2173 0.8576 -0.4033 0.1225 0.9068 -0.4033 0.1225 0.9068 -0.4033 0.1225 0.9068 -0.477 0.1995 0.8559 -0.477 0.1995 0.8559 -0.477 0.1995 0.8559 0.9707 0.2333 0.0575 0.9707 0.2333 0.0575 0.9707 0.2334 0.0574 0.9707 0.2332 0.0576 0.3479 0.7153 -0.606 0.3479 0.7153 -0.606 0.3478 0.7153 -0.606 0.3478 0.7153 -0.606 -0.0594 0.7163 -0.6953 -0.0594 0.7163 -0.6953 -0.0594 0.7163 -0.6953 -0.0594 0.7163 -0.6953 -0.9476 -0.2775 0.158 -0.9476 -0.2775 0.158 -0.9476 -0.2775 0.1581 -0.9476 -0.2775 0.1581 -0.8164 0.3485 -0.4604 -0.8164 0.3485 -0.4604 -0.8164 0.3485 -0.4604 -0.8164 0.3485 -0.4604 -0.4837 -0.6306 0.6069 -0.4837 -0.6306 0.6069 -0.4837 -0.6306 0.6069 -0.4837 -0.6306 0.6069 0.54 0.0825 0.8376 0.54 0.0824 0.8376 0.54 0.0825 0.8376 0.54 0.0825 0.8376 0.54 0.0825 0.8376 0.54 0.0825 0.8376 0.54 0.0825 0.8376 0.54 0.0824 0.8376 0.54 0.0825 0.8376 0.54 0.0825 0.8376 0.8312 -0.0718 -0.5513 0.8312 -0.0718 -0.5513 0.8312 -0.0718 -0.5513 0.8312 -0.0718 -0.5513 -0.1708 0.9694 0.1761 -0.1708 0.9694 0.1761 -0.1707 0.9695 0.1761 -0.1707 0.9695 0.1761 0.6875 0.5271 -0.4994 0.6875 0.5271 -0.4994 0.6875 0.5271 -0.4994 0.6875 0.5271 -0.4994 0.3037 0.9269 -0.2206 0.3037 0.9269 -0.2206 0.3037 0.9269 -0.2206 0.3037 0.9269 -0.2206 -0.5482 0.6446 0.5329 -0.5482 0.6446 0.5329 -0.5482 0.6446 0.5329 -0.5482 0.6446 0.5329 -0.6906 0.0878 0.7179 -0.6906 0.0878 0.7179 -0.6906 0.0877 0.7179 -0.6906 0.0877 0.7179 -0.5527 -0.4961 0.6696 -0.5527 -0.4961 0.6696 -0.5527 -0.4961 0.6696 -0.5527 -0.4961 0.6696 -0.1809 -0.8973 0.4026 -0.1809 -0.8973 0.4026 -0.1809 -0.8973 0.4026 -0.1809 -0.8973 0.4026 0.292 -0.9564 0.0095 0.292 -0.9564 0.0095 0.292 -0.9564 0.0095 0.292 -0.9564 0.0095 -0.542 0.6605 0.5196 -0.542 0.6605 0.5196 -0.542 0.6605 0.5196 -0.542 0.6605 0.5196 -0.6664 0.11 0.7374 -0.6664 0.1099 0.7375 -0.6664 0.1099 0.7375 -0.6664 0.11 0.7374 -0.5261 -0.4679 0.7102 -0.5261 -0.4679 0.7102 -0.5261 -0.4679 0.7102 -0.5261 -0.4678 0.7102 -0.17 -0.8775 0.4484 -0.17 -0.8775 0.4484 -0.17 -0.8775 0.4484 -0.17 -0.8775 0.4484 0.2831 -0.9585 0.0339 0.2831 -0.9585 0.0339 0.283 -0.9585 0.0339 0.283 -0.9585 0.0339 0.6535 -0.6582 -0.3737 0.6535 -0.6582 -0.3737 0.6535 -0.6583 -0.3737 0.6535 -0.6582 -0.3737 0.789 -0.0982 -0.6064 0.789 -0.0982 -0.6064 0.789 -0.0982 -0.6065 0.789 -0.0983 -0.6065 0.6445 0.4993 -0.579 0.6445 0.4993 -0.579 0.6445 0.4993 -0.579 0.6445 0.4993 -0.579 0.2757 0.9123 -0.303 0.2757 0.9123 -0.303 0.2757 0.9122 -0.303 0.2757 0.9122 -0.303 -0.1807 0.9764 0.1186 -0.1807 0.9764 0.1186 -0.1807 0.9764 0.1186 -0.1807 0.9764 0.1186 -0.4969 -0.6513 -0.5735 -0.4969 -0.6513 -0.5735 -0.4969 -0.6513 -0.5735 0.7201 -0.6786 -0.145 0.7201 -0.6786 -0.145 0.7201 -0.6786 -0.145 -0.9268 -0.2988 -0.2274 -0.9268 -0.2988 -0.2274 -0.9268 -0.2988 -0.2274 -0.7906 0.4422 -0.4236 -0.7906 0.4422 -0.4236 -0.7906 0.4422 -0.4236 -0.237 0.6081 -0.7577 -0.237 0.6081 -0.7577 -0.237 0.6081 -0.7577 0.0323 -0.6053 -0.7953 0.0323 -0.6053 -0.7953 0.0323 -0.6053 -0.7953 -0.3481 -0.7457 -0.5681 -0.3481 -0.7457 -0.5681 -0.3481 -0.7457 -0.5681 -0.594 -0.7703 0.2321 -0.594 -0.7703 0.2321 -0.594 -0.7703 0.2321 -0.79 0.5721 -0.2207 -0.79 0.5721 -0.2207 -0.79 0.5721 -0.2207 0.0107 0.9253 -0.3792 0.0107 0.9253 -0.3792 0.0107 0.9253 -0.3792 0.072 -0.674 -0.7352 0.072 -0.674 -0.7352 0.072 -0.674 -0.7352 -0.2773 -0.6473 0.71 -0.2773 -0.6473 0.71 -0.2773 -0.6473 0.71 -0.4435 -0.128 0.8871 -0.4435 -0.128 0.8871 -0.4435 -0.128 0.8871 -0.1916 0.9721 -0.1351 -0.1916 0.9721 -0.1351 -0.1916 0.9721 -0.1351 0.8962 0.436 0.0814 0.8962 0.436 0.0814 0.8962 0.436 0.0814 0.8286 -0.3898 0.4018 0.8286 -0.3898 0.4018 0.8286 -0.3898 0.4018 0.6015 -0.4978 0.6248 0.6015 -0.4978 0.6248 0.6015 -0.4978 0.6248 -0.129 0.1409 0.9816 -0.129 0.1409 0.9816 -0.129 0.1409 0.9816 0.106 0.537 0.8369 0.106 0.537 0.8369 0.106 0.537 0.8369 0.7901 0.3438 0.5075 0.7901 0.3438 0.5075 0.7901 0.3438 0.5075 0.8251 0.5252 0.208 0.8251 0.5252 0.208 0.8251 0.5252 0.208 0.8462 0.2716 0.4585 0.8462 0.2716 0.4585 0.8462 0.2716 0.4585 0.8464 0.2708 0.4585 0.8464 0.2708 0.4585 0.8464 0.2708 0.4585 0.4209 0.7297 0.5389 0.4209 0.7297 0.5389 0.4209 0.7297 0.5389 0.4014 0.7873 0.468 0.4014 0.7873 0.468 0.4014 0.7873 0.468 0.2579 0.8714 0.4173 0.2579 0.8714 0.4173 0.2579 0.8714 0.4173 0.1545 0.2039 0.9667 0.1545 0.2039 0.9667 0.1545 0.2039 0.9667 -0.0426 0.1103 0.993 -0.0426 0.1103 0.993 -0.0426 0.1103 0.993 -0.1012 -0.0165 0.9947 -0.1012 -0.0165 0.9947 -0.1012 -0.0165 0.9947 0.5139 -0.2179 0.8297 0.5139 -0.2179 0.8297 0.5139 -0.2179 0.8297 0.3304 -0.5934 0.734 0.3304 -0.5934 0.734 0.3304 -0.5934 0.734 0.3627 -0.6354 0.6816 0.3627 -0.6354 0.6816 0.3627 -0.6354 0.6816 0.969 0.1088 0.2218 0.969 0.1088 0.2218 0.969 0.1088 0.2218 0.8445 0.2628 0.4666 0.8445 0.2628 0.4666 0.8445 0.2628 0.4666 0.8219 0.2206 0.5252 0.8219 0.2206 0.5252 0.8219 0.2206 0.5252 0.6547 0.7536 0.0584 0.6547 0.7536 0.0584 0.6547 0.7536 0.0584 0.8892 0.3968 0.2279 0.8892 0.3968 0.2279 0.8892 0.3968 0.2279 0.8914 0.3942 0.2235 0.8914 0.3942 0.2235 0.8914 0.3942 0.2235 -0.2209 0.7819 0.583 -0.2209 0.7819 0.583 -0.2209 0.7819 0.583 0.2192 0.8381 0.4995 0.2192 0.8381 0.4995 0.2192 0.8381 0.4995 0.246 0.8861 0.3927 0.246 0.8861 0.3927 0.246 0.8861 0.3927 -0.4716 -0.0136 0.8817 -0.4716 -0.0136 0.8817 -0.4716 -0.0136 0.8817 -0.5151 -0.1637 0.8413 -0.5151 -0.1637 0.8413 -0.5151 -0.1637 0.8413 -0.6679 -0.0405 0.7431 -0.6679 -0.0405 0.7431 -0.6679 -0.0405 0.7431 0.4115 -0.9103 -0.0441 0.4115 -0.9103 -0.0441 0.4115 -0.9103 -0.0441 -0.0451 -0.5111 0.8584 -0.0451 -0.5111 0.8584 -0.0451 -0.5111 0.8584 0.5517 -0.4436 0.7063 0.5517 -0.4436 0.7063 0.5517 -0.4436 0.7063 0.7257 -0.3587 0.587 0.7257 -0.3587 0.587 0.7257 -0.3587 0.587 0.8188 -0.3056 0.486 0.8188 -0.3056 0.486 0.8188 -0.3056 0.486 0.8423 0.1907 0.5042 0.8423 0.1907 0.5042 0.8423 0.1907 0.5042 -0.043 0.9979 0.0474 -0.043 0.9979 0.0474 -0.043 0.9979 0.0474 0.0131 0.9903 0.1385 0.0131 0.9903 0.1385 0.0131 0.9903 0.1385 -0.3306 0.933 0.1423 -0.3306 0.933 0.1423 -0.3306 0.933 0.1423 -0.8121 0.5072 0.2887 -0.8121 0.5072 0.2887 -0.8121 0.5072 0.2887 -0.8839 0.4602 0.0835 -0.8839 0.4602 0.0835 -0.8839 0.4602 0.0835 -0.7262 0.632 0.2705 -0.7262 0.632 0.2705 -0.7262 0.632 0.2705 -0.8632 -0.4635 0.2001 -0.8632 -0.4635 0.2001 -0.8632 -0.4635 0.2001 -0.8129 -0.4986 0.3011 -0.8129 -0.4986 0.3011 -0.8129 -0.4986 0.3011 -0.7407 -0.3608 0.5667 -0.7407 -0.3608 0.5667 -0.7407 -0.3608 0.5667 0.654 -0.5433 0.5264 0.654 -0.5433 0.5264 0.654 -0.5433 0.5264 0.3359 -0.803 -0.4923 0.3359 -0.803 -0.4923 0.3359 -0.803 -0.4923 0.2995 -0.5426 -0.7848 0.2995 -0.5426 -0.7848 0.2995 -0.5426 -0.7848 0.7259 0.683 -0.0812 0.7259 0.683 -0.0812 0.7259 0.683 -0.0812 0.6197 0.7101 -0.3342 0.6197 0.7101 -0.3342 0.6197 0.7101 -0.3342 0.9341 0.3571 -0.004 0.9341 0.3571 -0.004 0.9341 0.3571 -0.004 -0.3507 0.5759 -0.7385 -0.3507 0.5759 -0.7385 -0.3507 0.5759 -0.7385 -0.2039 0.6319 -0.7477 -0.2039 0.6319 -0.7477 -0.2039 0.6319 -0.7477 -0.3827 0.9238 -0.0046 -0.3827 0.9238 -0.0046 -0.3827 0.9238 -0.0046 -0.6542 0.7553 -0.0395 -0.6542 0.7553 -0.0395 -0.6542 0.7553 -0.0395 -0.7491 0.6509 -0.1232 -0.7491 0.6509 -0.1232 -0.7491 0.6509 -0.1232 -0.7963 0.6047 -0.0111 -0.7963 0.6047 -0.0111 -0.7963 0.6047 -0.0111 -0.526 -0.4416 -0.7269 -0.526 -0.4416 -0.7269 -0.526 -0.4416 -0.7269 -0.9262 -0.3668 -0.0875 -0.9262 -0.3668 -0.0875 -0.9262 -0.3668 -0.0875 -0.9573 -0.2647 -0.1165 -0.9573 -0.2647 -0.1165 -0.9573 -0.2647 -0.1165 0.1112 0.131 -0.9851 0.1112 0.131 -0.9851 0.1112 0.131 -0.9851 0.0075 -0.2697 -0.9629 0.0075 -0.2697 -0.9629 0.0075 -0.2697 -0.9629 0.0145 -0.2692 -0.963 0.0145 -0.2692 -0.963 0.0145 -0.2692 -0.963 -0.3946 -0.6631 -0.6361 -0.3946 -0.6631 -0.6361 -0.3946 -0.6631 -0.6361 -0.4791 -0.7638 -0.4326 -0.4791 -0.7638 -0.4326 -0.4791 -0.7638 -0.4326 0.7335 -0.6048 -0.3102 0.7335 -0.6048 -0.3102 0.7335 -0.6048 -0.3102 -0.3743 -0.5734 -0.7287 -0.3743 -0.5734 -0.7287 -0.3743 -0.5734 -0.7287 0.7635 -0.484 -0.4277 0.7635 -0.484 -0.4277 0.7635 -0.484 -0.4277 -0.7894 -0.3296 -0.5178 -0.7894 -0.3296 -0.5178 -0.7894 -0.3296 -0.5178 -0.5837 0.4486 -0.6768 -0.5837 0.4486 -0.6768 -0.5837 0.4486 -0.6768 -0.2198 0.5244 -0.8226 -0.2198 0.5244 -0.8226 -0.2198 0.5244 -0.8226 0.6105 -0.5784 -0.541 0.6105 -0.5784 -0.541 0.6105 -0.5784 -0.541 0.4549 -0.8683 0.1979 0.4549 -0.8683 0.1979 0.4549 -0.8683 0.1979 -0.8552 -0.4128 0.3134 -0.8552 -0.4128 0.3134 -0.8552 -0.4128 0.3134 -0.5655 0.7896 0.2382 -0.5655 0.7896 0.2382 -0.5655 0.7896 0.2382 0.4854 0.8665 0.1164 0.4854 0.8665 0.1164 0.4854 0.8665 0.1164 0.7304 -0.6814 0.0471 0.7304 -0.6814 0.0471 0.7304 -0.6814 0.0471 0.3993 -0.713 0.5764 0.3993 -0.713 0.5764 0.3993 -0.713 0.5764 -0.7438 -0.0518 0.6664 -0.7438 -0.0518 0.6664 -0.7438 -0.0518 0.6664 -0.1707 0.9466 0.2736 -0.1707 0.9466 0.2736 -0.1707 0.9466 0.2736 0.7098 0.6714 0.2131 0.7098 0.6714 0.2131 0.7098 0.6714 0.2131 0.2983 -0.9286 0.2205 0.2983 -0.9286 0.2205 0.2983 -0.9286 0.2205 0.1706 -0.6154 0.7695 0.1706 -0.6154 0.7695 0.1706 -0.6154 0.7695 0.3818 0.3445 0.8576 0.3818 0.3445 0.8576 0.3818 0.3445 0.8576 0.4133 0.4427 0.7958 0.4133 0.4427 0.7958 0.4133 0.4427 0.7958 0.9369 0.0709 0.3422 0.9369 0.0709 0.3422 0.9369 0.0709 0.3422 0.7373 0.5805 0.3456 0.7373 0.5805 0.3456 0.7373 0.5805 0.3456 0.6161 0.3726 0.694 0.6161 0.3726 0.694 0.6161 0.3726 0.694 0.613 0.3792 0.6932 0.613 0.3792 0.6932 0.613 0.3792 0.6932 0.2756 0.7325 0.6225 0.2756 0.7325 0.6225 0.2756 0.7325 0.6225 0.3975 0.4185 0.8166 0.3975 0.4185 0.8166 0.3975 0.4185 0.8166 0.4119 0.4077 0.8149 0.4119 0.4077 0.8149 0.4119 0.4077 0.8149 0.2086 0.6082 0.7659 0.2086 0.6082 0.7659 0.2086 0.6082 0.7659 0.03 0.5563 0.8304 0.03 0.5563 0.8304 0.03 0.5563 0.8304 -0.3723 -0.1953 0.9073 -0.3723 -0.1953 0.9073 -0.3723 -0.1953 0.9073 0.8801 -0.2117 0.425 0.8801 -0.2117 0.425 0.8801 -0.2117 0.425 0.8445 -0.342 0.4122 0.8445 -0.342 0.4122 0.8445 -0.342 0.4122 0.8798 -0.4027 -0.2527 0.8798 -0.4027 -0.2527 0.8798 -0.4027 -0.2527 0.9166 -0.1748 0.3596 0.9166 -0.1748 0.3596 0.9166 -0.1748 0.3596 0.8023 -0.0346 0.596 0.8023 -0.0346 0.596 0.8023 -0.0346 0.596 0.9299 0.1419 0.3393 0.9299 0.1419 0.3393 0.9299 0.1419 0.3393 0.904 0.4027 -0.1437 0.904 0.4027 -0.1437 0.904 0.4027 -0.1437 0.5248 0.7972 -0.2984 0.5248 0.7972 -0.2984 0.5248 0.7972 -0.2984 0.542 0.7721 -0.3319 0.542 0.7721 -0.3319 0.542 0.7721 -0.3319 0.0862 0.8282 0.5537 0.0862 0.8282 0.5537 0.0862 0.8282 0.5537 0.0725 0.8275 0.5567 0.0725 0.8275 0.5567 0.0725 0.8275 0.5567 0.1616 0.931 0.3272 0.1616 0.931 0.3272 0.1616 0.931 0.3272 -0.5138 0.0298 0.8574 -0.5138 0.0298 0.8574 -0.5138 0.0298 0.8574 -0.5094 0.0424 0.8595 -0.5094 0.0424 0.8595 -0.5094 0.0424 0.8595 -0.1767 -0.1819 0.9673 -0.1767 -0.1819 0.9673 -0.1767 -0.1819 0.9673 -0.3835 -0.9164 -0.1143 -0.3835 -0.9164 -0.1143 -0.3835 -0.9164 -0.1143 -0.2596 -0.8905 -0.3738 -0.2596 -0.8905 -0.3738 -0.2596 -0.8905 -0.3738 0.7657 -0.4895 -0.4172 0.7657 -0.4895 -0.4172 0.7657 -0.4895 -0.4172 0.3007 -0.9186 0.2564 0.3007 -0.9186 0.2564 0.3007 -0.9186 0.2564 0.6072 -0.7631 -0.2214 0.6072 -0.7631 -0.2214 0.6072 -0.7631 -0.2214 0.9951 -0.0855 0.0499 0.9951 -0.0855 0.0499 0.9951 -0.0855 0.0499 0.4675 0.8162 -0.3396 0.4675 0.8162 -0.3396 0.4675 0.8162 -0.3396 0.5682 0.8125 -0.1308 0.5682 0.8125 -0.1308 0.5682 0.8125 -0.1308 0.0233 0.9899 -0.14 0.0233 0.9899 -0.14 0.0233 0.9899 -0.14 -0.7967 0.6032 0.0385 -0.7967 0.6032 0.0385 -0.7967 0.6032 0.0385 -0.5579 0.6757 0.4819 -0.5579 0.6757 0.4819 -0.5579 0.6757 0.4819 -0.8891 0.4124 0.1984 -0.8891 0.4124 0.1984 -0.8891 0.4124 0.1984 -0.4666 -0.8787 -0.1008 -0.4666 -0.8787 -0.1008 -0.4666 -0.8787 -0.1008 -0.2603 -0.958 0.1202 -0.2603 -0.958 0.1202 -0.2603 -0.958 0.1202 -0.2205 -0.6665 0.7121 -0.2205 -0.6665 0.7121 -0.2205 -0.6665 0.7121 0.6538 -0.6801 0.3317 0.6538 -0.6801 0.3317 0.6538 -0.6801 0.3317 0.6153 -0.7671 0.1817 0.6153 -0.7671 0.1817 0.6153 -0.7671 0.1817 0.6361 -0.7662 0.0914 0.6361 -0.7662 0.0914 0.6361 -0.7662 0.0914 0.9215 0.2817 -0.2675 0.9215 0.2817 -0.2675 0.9215 0.2817 -0.2675 0.8184 0.2746 -0.5047 0.8184 0.2746 -0.5047 0.8184 0.2746 -0.5047 0.9131 -0.0027 -0.4078 0.9131 -0.0027 -0.4078 0.9131 -0.0027 -0.4078 -0.028 0.73 -0.6829 -0.028 0.73 -0.6829 -0.028 0.73 -0.6829 -0.1038 0.7055 -0.701 -0.1038 0.7055 -0.701 -0.1038 0.7055 -0.701 -0.196 0.7855 -0.587 -0.196 0.7855 -0.587 -0.196 0.7855 -0.587 -0.8369 0.5115 -0.1948 -0.8369 0.5115 -0.1948 -0.8369 0.5115 -0.1948 -0.5829 0.8021 -0.1294 -0.5829 0.8021 -0.1294 -0.5829 0.8021 -0.1294 -0.8539 0.4225 0.304 -0.8539 0.4225 0.304 -0.8539 0.4225 0.304 -0.9119 -0.4091 0.0327 -0.9119 -0.4091 0.0327 -0.9119 -0.4091 0.0327 -0.873 -0.4825 -0.0714 -0.873 -0.4825 -0.0714 -0.873 -0.4825 -0.0714 -0.6262 -0.7796 -0.0086 -0.6262 -0.7796 -0.0086 -0.6262 -0.7796 -0.0086 0.585 0.2251 -0.7792 0.585 0.2251 -0.7792 0.585 0.2251 -0.7792 0.0767 -0.1089 -0.9911 0.0767 -0.1089 -0.9911 0.0767 -0.1089 -0.9911 0.0586 -0.1046 -0.9928 0.0586 -0.1046 -0.9928 0.0586 -0.1046 -0.9928 0.0295 -0.9124 -0.4081 0.0295 -0.9124 -0.4081 0.0295 -0.9124 -0.4081 -0.0838 -0.9842 -0.1559 -0.0838 -0.9842 -0.1559 -0.0838 -0.9842 -0.1559 0.5045 -0.8437 -0.1836 0.5045 -0.8437 -0.1836 0.5045 -0.8437 -0.1836 -0.4971 -0.721 -0.4827 -0.4971 -0.721 -0.4827 -0.4971 -0.721 -0.4827 0.5142 -0.2557 -0.8187 0.5142 -0.2557 -0.8187 0.5142 -0.2557 -0.8187 -0.7666 -0.5892 0.2551 -0.7666 -0.5892 0.2551 -0.7666 -0.5892 0.2551 -0.7356 0.5246 -0.4286 -0.7356 0.5246 -0.4286 -0.7356 0.5246 -0.4286 -0.2796 0.3448 -0.8961 -0.2796 0.3448 -0.8961 -0.2796 0.3448 -0.8961 0.8716 -0.2795 -0.4027 0.8716 -0.2795 -0.4027 0.8716 -0.2795 -0.4027 0.3341 -0.9425 -0.0045 0.3341 -0.9425 -0.0045 0.3341 -0.9425 -0.0045 -0.5522 0.2059 0.8079 -0.5522 0.2059 0.8079 -0.5522 0.2059 0.8079 -0.4213 0.8899 -0.175 -0.4213 0.8899 -0.175 -0.4213 0.8899 -0.175 -0.1686 0.4265 -0.8886 -0.1686 0.4265 -0.8886 -0.1686 0.4265 -0.8886 0.8627 -0.4958 -0.1002 0.8627 -0.4958 -0.1002 0.8627 -0.4958 -0.1002 0.2195 -0.6292 0.7456 0.2195 -0.6292 0.7456 0.2195 -0.6292 0.7456 -0.7868 -0.1348 0.6023 -0.7868 -0.1348 0.6023 -0.7868 -0.1348 0.6023 -0.0713 0.9912 -0.1119 -0.0713 0.9912 -0.1119 -0.0713 0.9912 -0.1119 0.3956 0.2859 -0.8728 0.3956 0.2859 -0.8728 0.3956 0.2859 -0.8728 0.0244 -0.8041 -0.594 0.0244 -0.8041 -0.594 0.0244 -0.8041 -0.594 -0.0472 -0.6187 0.7842 -0.0472 -0.6187 0.7842 -0.0472 -0.6187 0.7842 0.1079 0.646 0.7557 0.1079 0.646 0.7557 0.1079 0.646 0.7557 0.5004 0.1329 0.8556 0.5004 0.1329 0.8556 0.5004 0.1329 0.8556 0.7573 0.1202 0.6419 0.7573 0.1202 0.6419 0.7573 0.1202 0.6419 0.7125 0.6757 0.1894 0.7125 0.6757 0.1894 0.7125 0.6757 0.1894 0.5727 0.2611 0.7771 0.5727 0.2611 0.7771 0.5727 0.2611 0.7771 0.6457 0.0633 0.761 0.6457 0.0633 0.761 0.6457 0.0633 0.761 0.35 0.8162 0.4596 0.35 0.8162 0.4596 0.35 0.8162 0.4596 0.5481 0.1715 0.8186 0.5481 0.1715 0.8186 0.5481 0.1715 0.8186 0.0212 0.48 0.877 0.0212 0.48 0.877 0.0212 0.48 0.877 0.2429 0.6055 0.7579 0.2429 0.6055 0.7579 0.2429 0.6055 0.7579 0.2004 0.5945 0.7787 0.2004 0.5945 0.7787 0.2004 0.5945 0.7787 -0.2797 -0.4326 0.8571 -0.2797 -0.4326 0.8571 -0.2797 -0.4326 0.8571 0.8886 -0.2003 0.4127 0.8886 -0.2003 0.4127 0.8886 -0.2003 0.4127 0.7573 -0.4269 0.4943 0.7573 -0.4269 0.4943 0.7573 -0.4269 0.4943 0.6213 -0.4945 -0.6079 0.6213 -0.4945 -0.6079 0.6213 -0.4945 -0.6079 0.9685 -0.1326 0.211 0.9685 -0.1326 0.211 0.9685 -0.1326 0.211 0.5267 0.1066 0.8434 0.5267 0.1066 0.8434 0.5267 0.1066 0.8434 0.7058 0.3567 0.6121 0.7058 0.3567 0.6121 0.7058 0.3567 0.6121 0.6662 0.7432 0.0623 0.6662 0.7432 0.0623 0.6662 0.7432 0.0623 0.7816 0.6127 0.1169 0.7816 0.6127 0.1169 0.7816 0.6127 0.1169 0.9035 0.4286 -0.0053 0.9035 0.4286 -0.0053 0.9035 0.4286 -0.0053 -0.3801 0.9213 0.0819 -0.3801 0.9213 0.0819 -0.3801 0.9213 0.0819 -0.0147 0.9997 -0.0169 -0.0147 0.9997 -0.0169 -0.0147 0.9997 -0.0169 -0.1808 0.7525 0.6332 -0.1808 0.7525 0.6332 -0.1808 0.7525 0.6332 -0.7627 0.3621 0.5359 -0.7627 0.3621 0.5359 -0.7627 0.3621 0.5359 -0.8828 -0.1866 0.4312 -0.8828 -0.1866 0.4312 -0.8828 -0.1866 0.4312 -0.6688 -0.422 0.612 -0.6688 -0.422 0.612 -0.6688 -0.422 0.612 -0.5092 -0.8485 0.1441 -0.5092 -0.8485 0.1441 -0.5092 -0.8485 0.1441 -0.4579 -0.8856 -0.0771 -0.4579 -0.8856 -0.0771 -0.4579 -0.8856 -0.0771 0.8783 -0.3787 -0.2918 0.8783 -0.3787 -0.2918 0.8783 -0.3787 -0.2918 0.2014 -0.7031 0.682 0.2014 -0.7031 0.682 0.2014 -0.7031 0.682 0.662 -0.5014 -0.5571 0.662 -0.5014 -0.5571 0.662 -0.5014 -0.5571 0.3925 -0.7328 -0.5559 0.3925 -0.7328 -0.5559 0.3925 -0.7328 -0.5559 -0.2944 0.9324 -0.2096 -0.2944 0.9324 -0.2096 -0.2944 0.9324 -0.2096 -0.2006 0.9742 -0.1034 -0.2006 0.9742 -0.1034 -0.2006 0.9742 -0.1034 -0.0764 0.9917 -0.1035 -0.0764 0.9917 -0.1035 -0.0764 0.9917 -0.1035 -0.7746 0.3867 0.5004 -0.7746 0.3867 0.5004 -0.7746 0.3867 0.5004 -0.4696 0.3941 0.79 -0.4696 0.3941 0.79 -0.4696 0.3941 0.79 -0.8834 0.0442 0.4666 -0.8834 0.0442 0.4666 -0.8834 0.0442 0.4666 -0.7129 -0.6782 0.1786 -0.7129 -0.6782 0.1786 -0.7129 -0.6782 0.1786 -0.0746 -0.6563 0.7508 -0.0746 -0.6563 0.7508 -0.0746 -0.6563 0.7508 -0.0714 -0.5841 0.8085 -0.0714 -0.5841 0.8085 -0.0714 -0.5841 0.8085 0.7264 -0.4847 0.4873 0.7264 -0.4847 0.4873 0.7264 -0.4847 0.4873 0.3319 -0.9433 -0.0047 0.3319 -0.9433 -0.0047 0.3319 -0.9433 -0.0047 0.4337 -0.8521 -0.293 0.4337 -0.8521 -0.293 0.4337 -0.8521 -0.293 0.1518 -0.3209 -0.9349 0.1518 -0.3209 -0.9349 0.1518 -0.3209 -0.9349 0.8402 -0.3553 -0.4096 0.8402 -0.3553 -0.4096 0.8402 -0.3553 -0.4096 0.4111 0.3739 -0.8314 0.4111 0.3739 -0.8314 0.4111 0.3739 -0.8314 -0.0441 0.6829 -0.7291 -0.0441 0.6829 -0.7291 -0.0441 0.6829 -0.7291 -0.0469 0.6819 -0.7299 -0.0469 0.6819 -0.7299 -0.0469 0.6819 -0.7299 -0.1397 0.9718 -0.19 -0.1397 0.9718 -0.19 -0.1397 0.9718 -0.19 -0.3584 0.9273 -0.1083 -0.3584 0.9273 -0.1083 -0.3584 0.9273 -0.1083 -0.6943 0.6777 -0.2424 -0.6943 0.6777 -0.2424 -0.6943 0.6777 -0.2424 -0.8675 0.047 0.4952 -0.8675 0.047 0.4952 -0.8675 0.047 0.4952 -0.7704 0.2502 0.5864 -0.7704 0.2502 0.5864 -0.7704 0.2502 0.5864 -0.8199 -0.2842 -0.4969 -0.8199 -0.2842 -0.4969 -0.8199 -0.2842 -0.4969 -0.6429 -0.6056 -0.469 -0.6429 -0.6056 -0.469 -0.6429 -0.6056 -0.469 0.3768 0.3756 -0.8467 0.3768 0.3756 -0.8467 0.3768 0.3756 -0.8467 0.1456 0.0065 -0.9893 0.1456 0.0065 -0.9893 0.1456 0.0065 -0.9893 -0.2092 0.0562 -0.9763 -0.2092 0.0562 -0.9763 -0.2092 0.0562 -0.9763 -0.2443 -0.6942 -0.6771 -0.2443 -0.6942 -0.6771 -0.2443 -0.6942 -0.6771 -0.4097 -0.8562 -0.3146 -0.4097 -0.8562 -0.3146 -0.4097 -0.8562 -0.3146 0.3835 -0.8617 -0.3321 0.3835 -0.8617 -0.3321 0.3835 -0.8617 -0.3321 -0.3783 -0.2014 -0.9035 -0.3783 -0.2014 -0.9035 -0.3783 -0.2014 -0.9035 0.4932 -0.5842 -0.6445 0.4932 -0.5842 -0.6445 0.4932 -0.5842 -0.6445 -0.9483 -0.2021 -0.2447 -0.9483 -0.2021 -0.2447 -0.9483 -0.2021 -0.2447 -0.7366 0.5147 -0.4387 -0.7366 0.5147 -0.4387 -0.7366 0.5147 -0.4387 -0.2598 0.3798 -0.8878 -0.2598 0.3798 -0.8878 -0.2598 0.3798 -0.8878 0.8668 -0.484 -0.1199 0.8668 -0.484 -0.1199 0.8668 -0.484 -0.1199 0.6098 -0.7923 0.018 0.6098 -0.7923 0.018 0.6098 -0.7923 0.018 -0.5522 0.2059 0.8079 -0.5522 0.2059 0.8079 -0.5522 0.2059 0.8079 -0.3077 0.8417 -0.4436 -0.3077 0.8417 -0.4436 -0.3077 0.8417 -0.4436 -0.4024 0.4437 -0.8007 -0.4024 0.4437 -0.8007 -0.4024 0.4437 -0.8007 0.8801 -0.3307 -0.3406 0.8801 -0.3307 -0.3406 0.8801 -0.3307 -0.3406 0.4853 -0.6181 0.6184 0.4853 -0.6181 0.6184 0.4853 -0.6181 0.6184 -0.5291 0.2305 0.8166 -0.5291 0.2305 0.8166 -0.5291 0.2305 0.8166 -0.2612 0.8633 -0.4319 -0.2612 0.8633 -0.4319 -0.2612 0.8633 -0.4319 0.9614 -0.1201 -0.2476 0.9614 -0.1201 -0.2476 0.9614 -0.1201 -0.2476 0.0244 -0.8041 -0.594 0.0244 -0.8041 -0.594 0.0244 -0.8041 -0.594 -0.3241 -0.3894 0.8621 -0.3241 -0.3894 0.8621 -0.3241 -0.3894 0.8621 -0.4601 0.5389 0.7056 -0.4601 0.5389 0.7056 -0.4601 0.5389 0.7056 0.5004 0.1329 0.8556 0.5004 0.1329 0.8556 0.5004 0.1329 0.8556 0.9228 -0.0914 0.3744 0.9228 -0.0914 0.3744 0.9228 -0.0914 0.3744 0.4873 0.788 0.3763 0.4873 0.788 0.3763 0.4873 0.788 0.3763 0.3131 0.398 0.8623 0.3131 0.398 0.8623 0.3131 0.398 0.8623 0.4444 0.1566 0.882 0.4444 0.1566 0.882 0.4444 0.1566 0.882 0.5031 0.7832 0.3654 0.5031 0.7832 0.3654 0.5031 0.7832 0.3654 0.6876 0.2944 0.6637 0.6876 0.2944 0.6637 0.6876 0.2944 0.6637 -0.2512 0.8237 0.5084 -0.2512 0.8237 0.5084 -0.2512 0.8237 0.5084 0.4298 0.4809 0.7642 0.4298 0.4809 0.7642 0.4298 0.4809 0.7642 0.0648 0.3331 0.9407 0.0648 0.3331 0.9407 0.0648 0.3331 0.9407 -0.2797 -0.4326 0.8571 -0.2797 -0.4326 0.8571 -0.2797 -0.4326 0.8571 0.8361 -0.025 0.5481 0.8361 -0.025 0.5481 0.8361 -0.025 0.5481 0.6285 -0.3113 0.7127 0.6285 -0.3113 0.7127 0.6285 -0.3113 0.7127 0.6213 -0.4945 -0.6079 0.6213 -0.4945 -0.6079 0.6213 -0.4945 -0.6079 0.8364 -0.0249 0.5476 0.8364 -0.0249 0.5476 0.8364 -0.0249 0.5476 0.5266 0.1066 0.8434 0.5266 0.1066 0.8434 0.5266 0.1066 0.8434 0.7773 0.5334 0.3337 0.7773 0.5334 0.3337 0.7773 0.5334 0.3337 0.8218 0.3216 -0.4702 0.8218 0.3216 -0.4702 0.8218 0.3216 -0.4702 0.9419 -0.1453 -0.3029 0.9419 -0.1453 -0.3029 0.9419 -0.1453 -0.3029 0.6792 0.7089 0.1903 0.6792 0.7089 0.1903 0.6792 0.7089 0.1903 -0.1813 0.909 0.3753 -0.1813 0.909 0.3753 -0.1813 0.909 0.3753 0.1642 0.9448 0.2834 0.1642 0.9448 0.2834 0.1642 0.9448 0.2834 0.0054 0.5046 0.8633 0.0054 0.5046 0.8633 0.0054 0.5046 0.8633 -0.7627 0.3621 0.5359 -0.7627 0.3621 0.5359 -0.7627 0.3621 0.5359 -0.8517 0.121 0.5099 -0.8517 0.121 0.5099 -0.8517 0.121 0.5099 -0.1152 -0.4127 0.9036 -0.1152 -0.4127 0.9036 -0.1152 -0.4127 0.9036 -0.5051 -0.5164 0.6915 -0.5051 -0.5164 0.6915 -0.5051 -0.5164 0.6915 -0.3017 -0.8307 -0.4678 -0.3017 -0.8307 -0.4678 -0.3017 -0.8307 -0.4678 0.7315 -0.4615 -0.5019 0.7315 -0.4615 -0.5019 0.7315 -0.4615 -0.5019 0.2014 -0.7031 0.682 0.2014 -0.7031 0.682 0.2014 -0.7031 0.682 0.595 -0.2896 -0.7497 0.595 -0.2896 -0.7497 0.595 -0.2896 -0.7497 0.7295 -0.0241 -0.6836 0.7295 -0.0241 -0.6836 0.7295 -0.0241 -0.6836 -0.0823 0.9962 0.0268 -0.0823 0.9962 0.0268 -0.0823 0.9962 0.0268 -0.4374 0.8163 -0.3774 -0.4374 0.8163 -0.3774 -0.4374 0.8163 -0.3774 -0.2894 0.8721 -0.3946 -0.2894 0.8721 -0.3946 -0.2894 0.8721 -0.3946 -0.6036 0.1301 0.7866 -0.6036 0.1301 0.7866 -0.6036 0.1301 0.7866 -0.3763 0.1446 0.9151 -0.3763 0.1446 0.9151 -0.3763 0.1446 0.9151 -0.4501 0.086 0.8888 -0.4501 0.086 0.8888 -0.4501 0.086 0.8888 -0.2168 -0.7037 0.6766 -0.2168 -0.7037 0.6766 -0.2168 -0.7037 0.6766 -0.0746 -0.6563 0.7508 -0.0746 -0.6563 0.7508 -0.0746 -0.6563 0.7508 -0.0715 -0.5841 0.8085 -0.0715 -0.5841 0.8085 -0.0715 -0.5841 0.8085 0.3957 -0.6562 0.6425 0.3957 -0.6562 0.6425 0.3957 -0.6562 0.6425 -0.4252 -0.9035 -0.0536 -0.4252 -0.9035 -0.0536 -0.4252 -0.9035 -0.0536 -0.252 -0.7179 -0.6489 -0.252 -0.7179 -0.6489 -0.252 -0.7179 -0.6489 0.7111 0.0117 -0.703 0.7111 0.0117 -0.703 0.7111 0.0117 -0.703 0.9959 0.0791 -0.043 0.9959 0.0791 -0.043 0.9959 0.0791 -0.043 0.9842 0.1553 -0.0856 0.9842 0.1553 -0.0856 0.9842 0.1553 -0.0856 -0.3838 0.5062 -0.7723 -0.3838 0.5062 -0.7723 -0.3838 0.5062 -0.7723 -0.0469 0.6819 -0.7299 -0.0469 0.6819 -0.7299 -0.0469 0.6819 -0.7299 -0.1397 0.9718 -0.19 -0.1397 0.9718 -0.19 -0.1397 0.9718 -0.19 -0.1107 0.9735 -0.1999 -0.1107 0.9735 -0.1999 -0.1107 0.9735 -0.1999 -0.7397 0.4285 -0.519 -0.7397 0.4285 -0.519 -0.7397 0.4285 -0.519 -1 -0.0018 -0.0027 -1 -0.0018 -0.0027 -1 -0.0018 -0.0027 -0.9458 0.2701 0.1804 -0.9458 0.2701 0.1804 -0.9458 0.2701 0.1804 -0.8758 -0.0565 -0.4794 -0.8758 -0.0565 -0.4794 -0.8758 -0.0565 -0.4794 -0.6429 -0.6056 -0.469 -0.6429 -0.6056 -0.469 -0.6429 -0.6056 -0.469 -0.1897 0.3349 -0.9229 -0.1897 0.3349 -0.9229 -0.1897 0.3349 -0.9229 -0.3291 0.0722 -0.9415 -0.3291 0.0722 -0.9415 -0.3291 0.0722 -0.9415 -0.2101 0.0564 -0.9761 -0.2101 0.0564 -0.9761 -0.2101 0.0564 -0.9761 0.0508 -0.673 -0.7379 0.0508 -0.673 -0.7379 0.0508 -0.673 -0.7379 -0.1442 -0.9269 -0.3464 -0.1442 -0.9269 -0.3464 -0.1442 -0.9269 -0.3464 0.3835 -0.8617 -0.3321 0.3835 -0.8617 -0.3321 0.3835 -0.8617 -0.3321 -0.5191 -0.6126 -0.596 -0.5191 -0.6126 -0.596 -0.5191 -0.6126 -0.596 0.4814 -0.4038 -0.7779 0.4814 -0.4038 -0.7779 0.4814 -0.4038 -0.7779 -0.8394 -0.3602 -0.4069 -0.8394 -0.3602 -0.4069 -0.8394 -0.3602 -0.4069 -0.8381 -0.003 -0.5455 -0.8381 -0.003 -0.5455 -0.8381 -0.003 -0.5455 -0.2666 0.2426 -0.9328 -0.2666 0.2426 -0.9328 -0.2666 0.2426 -0.9328 0.6684 -0.3516 -0.6555 0.6684 -0.3516 -0.6555 0.6684 -0.3516 -0.6555 0.6763 -0.7161 0.1729 0.6763 -0.7161 0.1729 0.6763 -0.7161 0.1729 -0.9418 -0.0469 0.333 -0.9418 -0.0469 0.333 -0.9418 -0.0469 0.333 -0.1911 0.9678 0.1638 -0.1911 0.9678 0.1638 -0.1911 0.9678 0.1638 0.6331 0.6722 -0.384 0.6331 0.6722 -0.384 0.6331 0.6722 -0.384 0.8244 -0.5603 0.0802 0.8244 -0.5603 0.0802 0.8244 -0.5603 0.0802 0.6203 -0.6452 0.4461 0.6203 -0.6452 0.4461 0.6203 -0.6452 0.4461 -0.6854 0.3088 0.6594 -0.6854 0.3088 0.6594 -0.6854 0.3088 0.6594 -0.4524 0.8803 0.1429 -0.4524 0.8803 0.1429 -0.4524 0.8803 0.1429 0.6114 0.6856 -0.395 0.6114 0.6856 -0.395 0.6114 0.6856 -0.395 0.8903 -0.4554 -0.0013 0.8903 -0.4554 -0.0013 0.8903 -0.4554 -0.0013 0.6013 -0.5303 0.5977 0.6013 -0.5303 0.5977 0.6013 -0.5303 0.5977 -0.4514 0.4142 0.7904 -0.4514 0.4142 0.7904 -0.4514 0.4142 0.7904 0.6534 0.0997 0.7504 0.6534 0.0997 0.7504 0.6534 0.0997 0.7504 0.8283 -0.3378 0.4469 0.8283 -0.3378 0.4469 0.8283 -0.3378 0.4469 0.8537 0.4757 0.2122 0.8537 0.4757 0.2122 0.8537 0.4757 0.2122 0.5538 0.0366 0.8319 0.5538 0.0366 0.8319 0.5538 0.0366 0.8319 0.5064 0.1732 0.8447 0.5064 0.1732 0.8447 0.5064 0.1732 0.8447 0.583 0.6635 0.469 0.583 0.6635 0.469 0.583 0.6635 0.469 0.6934 0.1356 0.7077 0.6934 0.1356 0.7077 0.6934 0.1356 0.7077 -0.2972 0.7168 0.6307 -0.2972 0.7168 0.6307 -0.2972 0.7168 0.6307 0.5062 0.4175 0.7546 0.5062 0.4175 0.7546 0.5062 0.4175 0.7546 0.0115 0.2242 0.9745 0.0115 0.2242 0.9745 0.0115 0.2242 0.9745 -0.1324 -0.086 0.9875 -0.1324 -0.086 0.9875 -0.1324 -0.086 0.9875 0.6652 0.2529 0.7026 0.6652 0.2529 0.7026 0.6652 0.2529 0.7026 0.357 -0.6281 0.6914 0.357 -0.6281 0.6914 0.357 -0.6281 0.6914 0.4692 -0.7651 0.4409 0.4692 -0.7651 0.4409 0.4692 -0.7651 0.4409 0.8895 0.4021 0.217 0.8895 0.4021 0.217 0.8895 0.4021 0.217 0.8856 0.4064 0.2248 0.8856 0.4064 0.2248 0.8856 0.4064 0.2248 0.7944 0.1769 0.5811 0.7944 0.1769 0.5811 0.7944 0.1769 0.5811 0.8702 0.4805 -0.1086 0.8702 0.4805 -0.1086 0.8702 0.4805 -0.1086 0.7169 0.6736 -0.1798 0.7169 0.6736 -0.1798 0.7169 0.6736 -0.1798 0.6864 0.7171 -0.1206 0.6864 0.7171 -0.1206 0.6864 0.7171 -0.1206 0.025 0.9789 0.2026 0.025 0.9789 0.2026 0.025 0.9789 0.2026 -0.3607 0.8911 0.2756 -0.3607 0.8911 0.2756 -0.3607 0.8911 0.2756 -0.3936 0.8243 0.407 -0.3936 0.8243 0.407 -0.3936 0.8243 0.407 -0.7101 0.2723 0.6493 -0.7101 0.2723 0.6493 -0.7101 0.2723 0.6493 -0.6947 0.306 0.651 -0.6947 0.306 0.651 -0.6947 0.306 0.651 -0.1262 -0.0854 0.9883 -0.1262 -0.0854 0.9883 -0.1262 -0.0854 0.9883 0.4115 -0.9103 -0.0441 0.4115 -0.9103 -0.0441 0.4115 -0.9103 -0.0441 0.4064 -0.9134 -0.0232 0.4064 -0.9134 -0.0232 0.4064 -0.9134 -0.0232 -0.0948 -0.9896 0.1083 -0.0948 -0.9896 0.1083 -0.0948 -0.9896 0.1083 0.8926 -0.4256 0.1489 0.8926 -0.4256 0.1489 0.8926 -0.4256 0.1489 0.844 -0.4846 0.2299 0.844 -0.4846 0.2299 0.844 -0.4846 0.2299 0.9327 -0.0509 0.357 0.9327 -0.0509 0.357 0.9327 -0.0509 0.357 0.1657 0.9743 -0.1528 0.1657 0.9743 -0.1528 0.1657 0.9743 -0.1528 0.3866 0.8732 0.2967 0.3866 0.8732 0.2967 0.3866 0.8732 0.2967 -0.4417 0.8902 0.1112 -0.4417 0.8902 0.1112 -0.4417 0.8902 0.1112 -0.812 0.5072 0.2887 -0.812 0.5072 0.2887 -0.812 0.5072 0.2887 -0.2981 0.4739 0.8286 -0.2981 0.4739 0.8286 -0.2981 0.4739 0.8286 -0.6693 0.2661 0.6937 -0.6693 0.2661 0.6937 -0.6693 0.2661 0.6937 -0.4794 -0.8665 0.1387 -0.4794 -0.8665 0.1387 -0.4794 -0.8665 0.1387 -0.4413 -0.8788 0.1815 -0.4413 -0.8788 0.1815 -0.4413 -0.8788 0.1815 -0.3883 -0.6017 0.698 -0.3883 -0.6017 0.698 -0.3883 -0.6017 0.698 0.0286 -0.9719 -0.2338 0.0286 -0.9719 -0.2338 0.0286 -0.9719 -0.2338 0.2926 -0.9337 0.2066 0.2926 -0.9337 0.2066 0.2926 -0.9337 0.2066 0.2999 -0.9506 0.0799 0.2999 -0.9506 0.0799 0.2999 -0.9506 0.0799 0.9348 0.2809 -0.2173 0.9348 0.2809 -0.2173 0.9348 0.2809 -0.2173 0.7898 0.2708 -0.5504 0.7898 0.2708 -0.5504 0.7898 0.2708 -0.5504 0.6169 0.4736 -0.6286 0.6169 0.4736 -0.6286 0.6169 0.4736 -0.6286 0.2511 0.4885 -0.8357 0.2511 0.4885 -0.8357 0.2511 0.4885 -0.8357 -0.1623 0.4284 -0.8889 -0.1623 0.4284 -0.8889 -0.1623 0.4284 -0.8889 -0.5087 0.8599 -0.0432 -0.5087 0.8599 -0.0432 -0.5087 0.8599 -0.0432 -0.4472 0.8916 -0.0709 -0.4472 0.8916 -0.0709 -0.4472 0.8916 -0.0709 -0.8881 0.3942 -0.2366 -0.8881 0.3942 -0.2366 -0.8881 0.3942 -0.2366 -0.976 0.216 0.0279 -0.976 0.216 0.0279 -0.976 0.216 0.0279 -0.99 -0.0414 -0.1345 -0.99 -0.0414 -0.1345 -0.99 -0.0414 -0.1345 -0.7497 -0.2579 -0.6095 -0.7497 -0.2579 -0.6095 -0.7497 -0.2579 -0.6095 -0.7126 -0.3638 -0.5998 -0.7126 -0.3638 -0.5998 -0.7126 -0.3638 -0.5998 0.2498 0.4895 -0.8355 0.2498 0.4895 -0.8355 0.2498 0.4895 -0.8355 -0.1635 -0.1476 -0.9754 -0.1635 -0.1476 -0.9754 -0.1635 -0.1476 -0.9754 -0.0753 -0.1447 -0.9866 -0.0753 -0.1447 -0.9866 -0.0753 -0.1447 -0.9866 -0.1391 -0.4825 -0.8648 -0.1391 -0.4825 -0.8648 -0.1391 -0.4825 -0.8648 -0.3382 -0.9162 -0.2147 -0.3382 -0.9162 -0.2147 -0.3382 -0.9162 -0.2147 0.2358 -0.9717 -0.0143 0.2358 -0.9717 -0.0143 0.2358 -0.9717 -0.0143 -0.2939 -0.6916 -0.6598 -0.2939 -0.6916 -0.6598 -0.2939 -0.6916 -0.6598 0.4814 -0.4038 -0.7779 0.4814 -0.4038 -0.7779 0.4814 -0.4038 -0.7779 -0.848 -0.3728 -0.3766 -0.848 -0.3728 -0.3766 -0.848 -0.3728 -0.3766 -0.7343 0.352 -0.5804 -0.7343 0.352 -0.5804 -0.7343 0.352 -0.5804 -0.3579 0.4883 -0.7959 -0.3579 0.4883 -0.7959 -0.3579 0.4883 -0.7959 0.6684 -0.3516 -0.6555 0.6684 -0.3516 -0.6555 0.6684 -0.3516 -0.6555 0.4549 -0.8683 0.1979 0.4549 -0.8683 0.1979 0.4549 -0.8683 0.1979 -0.8552 -0.4128 0.3134 -0.8552 -0.4128 0.3134 -0.8552 -0.4128 0.3134 -0.1161 0.9859 -0.1207 -0.1161 0.9859 -0.1207 -0.1161 0.9859 -0.1207 -0.0043 0.9761 -0.2174 -0.0043 0.9761 -0.2174 -0.0043 0.9761 -0.2174 0.8244 -0.5603 0.0802 0.8244 -0.5603 0.0802 0.8244 -0.5603 0.0802 0.3993 -0.713 0.5764 0.3993 -0.713 0.5764 0.3993 -0.713 0.5764 -0.6109 0.1386 0.7795 -0.6109 0.1386 0.7795 -0.6109 0.1386 0.7795 -0.3303 0.9302 -0.16 -0.3303 0.9302 -0.16 -0.3303 0.9302 -0.16 0.7924 0.5983 0.1189 0.7924 0.5983 0.1189 0.7924 0.5983 0.1189 0.4266 -0.8924 0.147 0.4266 -0.8924 0.147 0.4266 -0.8924 0.147 0.5662 -0.7398 0.3636 0.5662 -0.7398 0.3636 0.5662 -0.7398 0.3636 0.0538 0.545 0.8367 0.0538 0.545 0.8367 0.0538 0.545 0.8367 0.5865 0.3655 0.7228 0.5865 0.3655 0.7228 0.5865 0.3655 0.7228 0.844 0.0291 0.5355 0.844 0.0291 0.5355 0.844 0.0291 0.5355 0.8536 0.4757 0.2122 0.8536 0.4757 0.2122 0.8536 0.4757 0.2122 0.6905 0.1773 0.7012 0.6905 0.1773 0.7012 0.6905 0.1773 0.7012 0.6274 0.3479 0.6967 0.6274 0.3479 0.6967 0.6274 0.3479 0.6967 0.4134 0.7138 0.5653 0.4134 0.7138 0.5653 0.4134 0.7138 0.5653 0.5356 0.3046 0.7876 0.5356 0.3046 0.7876 0.5356 0.3046 0.7876 0.0843 0.6031 0.7932 0.0843 0.6031 0.7932 0.0843 0.6031 0.7932 0.3335 0.55 0.7657 0.3335 0.55 0.7657 0.3335 0.55 0.7657 0.148 0.4963 0.8554 0.148 0.4963 0.8554 0.148 0.4963 0.8554 -0.2362 -0.326 0.9154 -0.2362 -0.326 0.9154 -0.2362 -0.326 0.9154 0.8419 -0.0392 0.5382 0.8419 -0.0392 0.5382 0.8419 -0.0392 0.5382 0.4842 -0.7815 0.3934 0.4842 -0.7815 0.3934 0.4842 -0.7815 0.3934 0.547 -0.8343 0.0687 0.547 -0.8343 0.0687 0.547 -0.8343 0.0687 0.969 0.1088 0.2218 0.969 0.1088 0.2218 0.969 0.1088 0.2218 0.8445 0.2628 0.4666 0.8445 0.2628 0.4666 0.8445 0.2628 0.4666 0.8219 0.2206 0.5252 0.8219 0.2206 0.5252 0.8219 0.2206 0.5252 0.7175 0.673 -0.1796 0.7175 0.673 -0.1796 0.7175 0.673 -0.1796 0.7169 0.6736 -0.1798 0.7169 0.6736 -0.1798 0.7169 0.6736 -0.1798 0.6864 0.7171 -0.1206 0.6864 0.7171 -0.1206 0.6864 0.7171 -0.1206 0.025 0.9789 0.2026 0.025 0.9789 0.2026 0.025 0.9789 0.2026 -0.0778 0.9712 0.2254 -0.0778 0.9712 0.2254 -0.0778 0.9712 0.2254 -0.1283 0.8971 0.4229 -0.1283 0.8971 0.4229 -0.1283 0.8971 0.4229 -0.7101 0.2723 0.6493 -0.7101 0.2723 0.6493 -0.7101 0.2723 0.6493 -0.779 0.0733 0.6227 -0.779 0.0733 0.6227 -0.779 0.0733 0.6227 -0.2507 -0.3274 0.911 -0.2507 -0.3274 0.911 -0.2507 -0.3274 0.911 0.4115 -0.9103 -0.0441 0.4115 -0.9103 -0.0441 0.4115 -0.9103 -0.0441 0.2661 -0.884 0.3844 0.2661 -0.884 0.3844 0.2661 -0.884 0.3844 0.7043 -0.6774 0.2123 0.7043 -0.6774 0.2123 0.7043 -0.6774 0.2123 0.4384 -0.8507 0.29 0.4384 -0.8507 0.29 0.4384 -0.8507 0.29 0.7407 -0.6498 -0.1705 0.7407 -0.6498 -0.1705 0.7407 -0.6498 -0.1705 0.8936 -0.4409 -0.0842 0.8936 -0.4409 -0.0842 0.8936 -0.4409 -0.0842 0.1657 0.9743 -0.1528 0.1657 0.9743 -0.1528 0.1657 0.9743 -0.1528 0.0561 0.94 -0.3365 0.0561 0.94 -0.3365 0.0561 0.94 -0.3365 -0.242 0.9125 -0.3298 -0.242 0.9125 -0.3298 -0.242 0.9125 -0.3298 -0.812 0.5072 0.2887 -0.812 0.5072 0.2887 -0.812 0.5072 0.2887 -0.298 0.4739 0.8286 -0.298 0.4739 0.8286 -0.298 0.4739 0.8286 -0.6693 0.2661 0.6937 -0.6693 0.2661 0.6937 -0.6693 0.2661 0.6937 -0.4794 -0.8665 0.1387 -0.4794 -0.8665 0.1387 -0.4794 -0.8665 0.1387 -0.4413 -0.8788 0.1815 -0.4413 -0.8788 0.1815 -0.4413 -0.8788 0.1815 -0.3883 -0.6017 0.698 -0.3883 -0.6017 0.698 -0.3883 -0.6017 0.698 0.6538 -0.6801 0.3317 0.6538 -0.6801 0.3317 0.6538 -0.6801 0.3317 0.6153 -0.7671 0.1817 0.6153 -0.7671 0.1817 0.6153 -0.7671 0.1817 0.6374 -0.7658 0.0846 0.6374 -0.7658 0.0846 0.6374 -0.7658 0.0846 0.5935 0.236 -0.7694 0.5935 0.236 -0.7694 0.5935 0.236 -0.7694 0.7898 0.2708 -0.5504 0.7898 0.2708 -0.5504 0.7898 0.2708 -0.5504 0.9151 0.0043 -0.4032 0.9151 0.0043 -0.4032 0.9151 0.0043 -0.4032 -0.2288 0.7586 -0.6101 -0.2288 0.7586 -0.6101 -0.2288 0.7586 -0.6101 -0.0824 0.8178 -0.5696 -0.0824 0.8178 -0.5696 -0.0824 0.8178 -0.5696 -0.1397 0.9718 -0.19 -0.1397 0.9718 -0.19 -0.1397 0.9718 -0.19 -0.1655 0.9694 -0.1811 -0.1655 0.9694 -0.1811 -0.1655 0.9694 -0.1811 -0.7369 0.512 -0.4414 -0.7369 0.512 -0.4414 -0.7369 0.512 -0.4414 -0.976 0.216 0.0279 -0.976 0.216 0.0279 -0.976 0.216 0.0279 -0.8775 -0.3575 -0.3196 -0.8775 -0.3575 -0.3196 -0.8775 -0.3575 -0.3196 -0.8499 -0.3756 -0.3696 -0.8499 -0.3756 -0.3696 -0.8499 -0.3756 -0.3696 -0.7829 -0.5322 -0.3223 -0.7829 -0.5322 -0.3223 -0.7829 -0.5322 -0.3223 0.6422 0.0452 -0.7652 0.6422 0.0452 -0.7652 0.6422 0.0452 -0.7652 0.3412 -0.3591 -0.8687 0.3412 -0.3591 -0.8687 0.3412 -0.3591 -0.8687 0.019 -0.3735 -0.9274 0.019 -0.3735 -0.9274 0.019 -0.3735 -0.9274 -0.2343 -0.7055 -0.6689 -0.2343 -0.7055 -0.6689 -0.2343 -0.7055 -0.6689 -0.2616 -0.7659 -0.5874 -0.2616 -0.7659 -0.5874 -0.2616 -0.7659 -0.5874 0.3945 -0.8259 -0.4028 0.3945 -0.8259 -0.4028 0.3945 -0.8259 -0.4028 </float_array>
                    <technique_common>
                        <accessor count="2396" offset="0" source="#Mesh-1-normals-array" stride="3">
                            <param name="X" type="float" />
                            <param name="Y" type="float" />
                            <param name="Z" type="float" />
                        </accessor>
                    </technique_common>
                </source>
                <vertices id="Mesh-1-vertices">
                    <input semantic="POSITION" source="#Mesh-1-positions" />
                </vertices>
                <triangles count="954">
                    <input offset="0" semantic="VERTEX" source="#Mesh-1-vertices" />
                    <input offset="1" semantic="NORMAL" source="#Mesh-1-normals" />
                    <p>44 44 45 45 46 46 46 46 47 47 48 48 48 48 49 49 50 50 50 50 51 51 52 52 52 52 53 53 44 44 44 44 46 46 48 48 48 48 50 50 52 52 48 48 52 52 44 44 350 350 351 351 352 352 353 353 354 354 355 355 356 356 357 357 358 358 359 359 360 360 361 361 362 362 363 363 364 364 365 365 366 366 367 367 488 488 489 489 490 490 490 490 491 491 492 492 490 490 492 492 488 488 489 489 493 493 494 494 494 494 495 495 490 490 494 494 490 490 489 489 584 584 585 585 586 586 587 587 588 588 589 589 590 590 591 591 592 592 593 593 594 594 595 595 596 596 597 597 598 598 599 599 600 600 601 601 690 690 691 691 692 692 693 693 694 694 695 695 696 696 697 697 698 698 699 699 700 700 701 701 702 702 703 703 704 704 705 705 706 706 707 707 828 828 829 829 830 830 831 831 832 832 833 833 834 834 835 835 836 836 837 837 838 838 839 839 840 840 841 841 842 842 843 843 844 844 845 845 870 870 871 871 872 872 872 872 873 873 874 874 874 874 875 875 876 876 876 876 877 877 878 878 878 878 879 879 870 870 870 870 872 872 874 874 874 874 876 876 878 878 874 874 878 878 870 870 0 0 1 1 2 2 0 0 2 2 3 3 4 4 5 5 6 6 4 4 6 6 7 7 8 8 9 9 10 10 8 8 10 10 11 11 12 12 13 13 14 14 12 12 14 14 15 15 16 16 17 17 18 18 16 16 18 18 19 19 20 20 21 21 22 22 20 20 22 22 23 23 24 24 25 25 26 26 24 24 26 26 27 27 28 28 29 29 30 30 28 28 30 30 31 31 32 32 33 33 34 34 32 32 34 34 35 35 36 36 37 37 38 38 36 36 38 38 39 39 40 40 41 41 42 42 40 40 42 42 43 43 54 54 55 55 56 56 54 54 56 56 57 57 58 58 59 59 60 60 58 58 60 60 61 61 62 62 63 63 64 64 62 62 64 64 65 65 66 66 67 67 68 68 66 66 68 68 69 69 70 70 71 71 72 72 70 70 72 72 73 73 74 74 75 75 76 76 74 74 76 76 77 77 78 78 79 79 80 80 78 78 80 80 81 81 82 82 83 83 84 84 82 82 84 84 85 85 86 86 87 87 88 88 86 86 88 88 89 89 90 90 91 91 92 92 90 90 92 92 93 93 94 94 95 95 96 96 94 94 96 96 97 97 98 98 99 99 100 100 98 98 100 100 101 101 102 102 103 103 104 104 102 102 104 104 105 105 106 106 107 107 108 108 106 106 108 108 109 109 110 110 111 111 112 112 110 110 112 112 113 113 114 114 115 115 116 116 114 114 116 116 117 117 118 118 119 119 120 120 118 118 120 120 121 121 122 122 123 123 124 124 122 122 124 124 125 125 126 126 127 127 128 128 126 126 128 128 129 129 130 130 131 131 132 132 130 130 132 132 133 133 134 134 135 135 136 136 134 134 136 136 137 137 138 138 139 139 140 140 138 138 140 140 141 141 142 142 143 143 144 144 142 142 144 144 145 145 146 146 147 147 148 148 146 146 148 148 149 149 150 150 151 151 152 152 150 150 152 152 153 153 154 154 155 155 156 156 154 154 156 156 157 157 158 158 159 159 160 160 158 158 160 160 161 161 162 162 163 163 164 164 162 162 164 164 165 165 166 166 167 167 168 168 166 166 168 168 169 169 170 170 171 171 172 172 170 170 172 172 173 173 174 174 175 175 176 176 174 174 176 176 177 177 178 178 179 179 180 180 178 178 180 180 181 181 182 182 183 183 184 184 182 182 184 184 185 185 186 186 187 187 188 188 186 186 188 188 189 189 190 190 191 191 192 192 190 190 192 192 193 193 194 194 195 195 196 196 194 194 196 196 197 197 198 198 199 199 200 200 198 198 200 200 201 201 202 202 203 203 204 204 202 202 204 204 205 205 206 206 207 207 208 208 206 206 208 208 209 209 210 210 211 211 212 212 210 210 212 212 213 213 214 214 215 215 216 216 214 214 216 216 217 217 218 218 219 219 220 220 218 218 220 220 221 221 222 222 223 223 224 224 222 222 224 224 225 225 226 226 227 227 228 228 226 226 228 228 229 229 230 230 231 231 232 232 230 230 232 232 233 233 234 234 235 235 236 236 234 234 236 236 237 237 238 238 239 239 240 240 238 238 240 240 241 241 242 242 243 243 244 244 242 242 244 244 245 245 246 246 247 247 248 248 246 246 248 248 249 249 250 250 251 251 252 252 250 250 252 252 253 253 254 254 255 255 256 256 254 254 256 256 257 257 258 258 259 259 260 260 258 258 260 260 261 261 262 262 263 263 264 264 262 262 264 264 265 265 266 266 267 267 268 268 266 266 268 268 269 269 270 270 271 271 272 272 270 270 272 272 273 273 274 274 275 275 276 276 274 274 276 276 277 277 278 278 279 279 280 280 278 278 280 280 281 281 282 282 283 283 284 284 282 282 284 284 285 285 286 286 287 287 288 288 286 286 288 288 289 289 290 290 291 291 292 292 290 290 292 292 293 293 294 294 295 295 296 296 294 294 296 296 297 297 298 298 299 299 300 300 298 298 300 300 301 301 302 302 303 303 304 304 302 302 304 304 305 305 306 306 307 307 308 308 306 306 308 308 309 309 310 310 311 311 312 312 310 310 312 312 313 313 314 314 315 315 316 316 314 314 316 316 317 317 318 318 319 319 320 320 318 318 320 320 321 321 322 322 323 323 324 324 322 322 324 324 325 325 326 326 327 327 328 328 326 326 328 328 329 329 330 330 331 331 332 332 330 330 332 332 333 333 334 334 335 335 336 336 334 334 336 336 337 337 338 338 339 339 340 340 338 338 340 340 341 341 342 342 343 343 344 344 342 342 344 344 345 345 346 346 347 347 348 348 346 346 348 348 349 349 368 368 369 369 370 370 368 368 370 370 371 371 372 372 373 373 374 374 372 372 374 374 375 375 376 376 377 377 378 378 376 376 378 378 379 379 380 380 381 381 382 382 380 380 382 382 383 383 384 384 385 385 386 386 384 384 386 386 387 387 388 388 389 389 390 390 388 388 390 390 391 391 392 392 393 393 394 394 392 392 394 394 395 395 396 396 397 397 398 398 396 396 398 398 399 399 400 400 401 401 402 402 400 400 402 402 403 403 404 404 405 405 406 406 404 404 406 406 407 407 408 408 409 409 410 410 408 408 410 410 411 411 412 412 413 413 414 414 412 412 414 414 415 415 416 416 417 417 418 418 416 416 418 418 419 419 420 420 421 421 422 422 420 420 422 422 423 423 424 424 425 425 426 426 424 424 426 426 427 427 428 428 429 429 430 430 428 428 430 430 431 431 432 432 433 433 434 434 432 432 434 434 435 435 436 436 437 437 438 438 436 436 438 438 439 439 440 440 441 441 442 442 440 440 442 442 443 443 444 444 445 445 446 446 444 444 446 446 447 447 448 448 449 449 450 450 448 448 450 450 451 451 452 452 453 453 454 454 452 452 454 454 455 455 456 456 457 457 458 458 456 456 458 458 459 459 460 460 461 461 462 462 460 460 462 462 463 463 464 464 465 465 466 466 464 464 466 466 467 467 468 468 469 469 470 470 468 468 470 470 471 471 472 472 473 473 474 474 472 472 474 474 475 475 476 476 477 477 478 478 476 476 478 478 479 479 480 480 481 481 482 482 480 480 482 482 483 483 484 484 485 485 486 486 484 484 486 486 487 487 496 496 497 497 498 498 496 496 498 498 499 499 500 500 501 501 502 502 500 500 502 502 503 503 504 504 505 505 506 506 504 504 506 506 507 507 508 508 509 509 510 510 508 508 510 510 511 511 512 512 513 513 514 514 512 512 514 514 515 515 516 516 517 517 518 518 516 516 518 518 519 519 520 520 521 521 522 522 520 520 522 522 523 523 524 524 525 525 526 526 524 524 526 526 527 527 528 528 529 529 530 530 528 528 530 530 531 531 532 532 533 533 534 534 532 532 534 534 535 535 536 536 537 537 538 538 536 536 538 538 539 539 540 540 541 541 542 542 540 540 542 542 543 543 544 544 545 545 546 546 544 544 546 546 547 547 548 548 549 549 550 550 548 548 550 550 551 551 552 552 553 553 554 554 552 552 554 554 555 555 556 556 557 557 558 558 556 556 558 558 559 559 560 560 561 561 562 562 560 560 562 562 563 563 564 564 565 565 566 566 564 564 566 566 567 567 568 568 569 569 570 570 568 568 570 570 571 571 572 572 573 573 574 574 572 572 574 574 575 575 576 576 577 577 578 578 576 576 578 578 579 579 580 580 581 581 582 582 580 580 582 582 583 583 602 602 603 603 604 604 602 602 604 604 605 605 606 606 607 607 608 608 606 606 608 608 609 609 610 610 611 611 612 612 610 610 612 612 613 613 614 614 615 615 616 616 614 614 616 616 617 617 618 618 619 619 620 620 618 618 620 620 621 621 622 622 623 623 624 624 622 622 624 624 625 625 626 626 627 627 628 628 626 626 628 628 629 629 630 630 631 631 632 632 630 630 632 632 633 633 634 634 635 635 636 636 634 634 636 636 637 637 638 638 639 639 640 640 638 638 640 640 641 641 642 642 643 643 644 644 642 642 644 644 645 645 646 646 647 647 648 648 646 646 648 648 649 649 650 650 651 651 652 652 650 650 652 652 653 653 654 654 655 655 656 656 654 654 656 656 657 657 658 658 659 659 660 660 658 658 660 660 661 661 662 662 663 663 664 664 662 662 664 664 665 665 666 666 667 667 668 668 666 666 668 668 669 669 670 670 671 671 672 672 670 670 672 672 673 673 674 674 675 675 676 676 674 674 676 676 677 677 678 678 679 679 680 680 678 678 680 680 681 681 682 682 683 683 684 684 682 682 684 684 685 685 686 686 687 687 688 688 686 686 688 688 689 689 708 708 709 709 710 710 708 708 710 710 711 711 712 712 713 713 714 714 712 712 714 714 715 715 716 716 717 717 718 718 716 716 718 718 719 719 720 720 721 721 722 722 720 720 722 722 723 723 724 724 725 725 726 726 724 724 726 726 727 727 728 728 729 729 730 730 728 728 730 730 731 731 732 732 733 733 734 734 732 732 734 734 735 735 736 736 737 737 738 738 736 736 738 738 739 739 740 740 741 741 742 742 740 740 742 742 743 743 744 744 745 745 746 746 744 744 746 746 747 747 748 748 749 749 750 750 748 748 750 750 751 751 752 752 753 753 754 754 752 752 754 754 755 755 756 756 757 757 758 758 756 756 758 758 759 759 760 760 761 761 762 762 760 760 762 762 763 763 764 764 765 765 766 766 764 764 766 766 767 767 768 768 769 769 770 770 768 768 770 770 771 771 772 772 773 773 774 774 772 772 774 774 775 775 776 776 777 777 778 778 776 776 778 778 779 779 780 780 781 781 782 782 780 780 782 782 783 783 784 784 785 785 786 786 784 784 786 786 787 787 788 788 789 789 790 790 788 788 790 790 791 791 792 792 793 793 794 794 792 792 794 794 795 795 796 796 797 797 798 798 796 796 798 798 799 799 800 800 801 801 802 802 800 800 802 802 803 803 804 804 805 805 806 806 804 804 806 806 807 807 808 808 809 809 810 810 808 808 810 810 811 811 812 812 813 813 814 814 812 812 814 814 815 815 816 816 817 817 818 818 816 816 818 818 819 819 820 820 821 821 822 822 820 820 822 822 823 823 824 824 825 825 826 826 824 824 826 826 827 827 846 846 847 847 848 848 846 846 848 848 849 849 850 850 851 851 852 852 850 850 852 852 853 853 854 854 855 855 856 856 854 854 856 856 857 857 858 858 859 859 860 860 858 858 860 860 861 861 862 862 863 863 864 864 862 862 864 864 865 865 866 866 867 867 868 868 866 866 868 868 869 869 880 880 881 881 882 882 880 880 882 882 883 883 884 884 885 885 886 886 884 884 886 886 887 887 888 888 889 889 890 890 888 888 890 890 891 891 892 892 893 893 894 894 892 892 894 894 895 895 896 896 897 897 898 898 896 896 898 898 899 899 900 900 901 901 902 902 900 900 902 902 903 903 904 904 905 905 906 906 904 904 906 906 907 907 908 908 909 909 910 910 908 908 910 910 911 911 912 912 913 913 914 914 912 912 914 914 915 915 916 916 917 917 918 918 916 916 918 918 919 919 920 920 921 921 922 922 920 920 922 922 923 923 924 924 925 925 926 926 924 924 926 926 927 927 928 928 929 929 930 930 928 928 930 930 931 931 932 932 933 933 934 934 932 932 934 934 935 935 936 936 937 937 938 938 936 936 938 938 939 939 940 940 941 941 942 942 940 940 942 942 943 943 944 944 945 945 946 946 944 944 946 946 947 947 948 948 949 949 950 950 948 948 950 950 951 951 952 952 953 953 954 954 952 952 954 954 955 955 956 956 957 957 958 958 959 959 960 960 961 961 962 962 963 963 964 964 965 965 966 966 967 967 968 968 969 969 970 970 971 971 972 972 973 973 974 974 975 975 976 976 977 977 978 978 979 979 980 980 981 981 982 982 983 983 984 984 985 985 986 986 987 987 988 988 989 989 990 990 991 991 992 992 993 993 994 994 995 995 996 996 997 997 998 998 999 999 1000 1000 1001 1001 1002 1002 1003 1003 1004 1004 1005 1005 1006 1006 1007 1007 1008 1008 1009 1009 1010 1010 1011 1011 1012 1012 1013 1013 1014 1014 1015 1015 1016 1016 1017 1017 1018 1018 1019 1019 1020 1020 1021 1021 1022 1022 1023 1023 1024 1024 1025 1025 1026 1026 1027 1027 1028 1028 1029 1029 1030 1030 1031 1031 1032 1032 1033 1033 1034 1034 1035 1035 1036 1036 1037 1037 1038 1038 1039 1039 1040 1040 1041 1041 1042 1042 1043 1043 1044 1044 1045 1045 1046 1046 1047 1047 1048 1048 1049 1049 1050 1050 1051 1051 1052 1052 1053 1053 1054 1054 1055 1055 1056 1056 1057 1057 1058 1058 1059 1059 1060 1060 1061 1061 1062 1062 1063 1063 1064 1064 1065 1065 1066 1066 1067 1067 1068 1068 1069 1069 1070 1070 1071 1071 1072 1072 1073 1073 1074 1074 1075 1075 1076 1076 1077 1077 1078 1078 1079 1079 1080 1080 1081 1081 1082 1082 1083 1083 1084 1084 1085 1085 1086 1086 1087 1087 1088 1088 1089 1089 1090 1090 1091 1091 1092 1092 1093 1093 1094 1094 1095 1095 1096 1096 1097 1097 1098 1098 1099 1099 1100 1100 1101 1101 1102 1102 1103 1103 1104 1104 1105 1105 1106 1106 1107 1107 1108 1108 1109 1109 1110 1110 1111 1111 1112 1112 1113 1113 1114 1114 1115 1115 1116 1116 1117 1117 1118 1118 1119 1119 1120 1120 1121 1121 1122 1122 1123 1123 1124 1124 1125 1125 1126 1126 1127 1127 1128 1128 1129 1129 1130 1130 1131 1131 1132 1132 1133 1133 1134 1134 1135 1135 1136 1136 1137 1137 1138 1138 1139 1139 1140 1140 1141 1141 1142 1142 1143 1143 1144 1144 1145 1145 1146 1146 1147 1147 1148 1148 1149 1149 1150 1150 1151 1151 1152 1152 1153 1153 1154 1154 1155 1155 1156 1156 1157 1157 1158 1158 1159 1159 1160 1160 1161 1161 1162 1162 1163 1163 1164 1164 1165 1165 1166 1166 1167 1167 1168 1168 1169 1169 1170 1170 1171 1171 1172 1172 1173 1173 1174 1174 1175 1175 1176 1176 1177 1177 1178 1178 1179 1179 1180 1180 1181 1181 1182 1182 1183 1183 1184 1184 1185 1185 1186 1186 1187 1187 1188 1188 1189 1189 1190 1190 1191 1191 1192 1192 1193 1193 1194 1194 1195 1195 1196 1196 1197 1197 1198 1198 1199 1199 1200 1200 1201 1201 1202 1202 1203 1203 1204 1204 1205 1205 1206 1206 1207 1207 1208 1208 1209 1209 1210 1210 1211 1211 1212 1212 1213 1213 1214 1214 1215 1215 1216 1216 1217 1217 1218 1218 1219 1219 1220 1220 1221 1221 1222 1222 1223 1223 1224 1224 1225 1225 1226 1226 1227 1227 1228 1228 1229 1229 1230 1230 1231 1231 1232 1232 1233 1233 1234 1234 1235 1235 1236 1236 1237 1237 1238 1238 1239 1239 1240 1240 1241 1241 1242 1242 1243 1243 1244 1244 1245 1245 1246 1246 1247 1247 1248 1248 1249 1249 1250 1250 1251 1251 1252 1252 1253 1253 1254 1254 1255 1255 1256 1256 1257 1257 1258 1258 1259 1259 1260 1260 1261 1261 1262 1262 1263 1263 1264 1264 1265 1265 1266 1266 1267 1267 1268 1268 1269 1269 1270 1270 1271 1271 1272 1272 1273 1273 1274 1274 1275 1275 1276 1276 1277 1277 1278 1278 1279 1279 1280 1280 1281 1281 1282 1282 1283 1283 1284 1284 1285 1285 1286 1286 1287 1287 1288 1288 1289 1289 1290 1290 1291 1291 1292 1292 1293 1293 1294 1294 1295 1295 1296 1296 1297 1297 1298 1298 1299 1299 1300 1300 1301 1301 1302 1302 1303 1303 1304 1304 1305 1305 1306 1306 1307 1307 1308 1308 1309 1309 1310 1310 1311 1311 1312 1312 1313 1313 1314 1314 1315 1315 1316 1316 1317 1317 1318 1318 1319 1319 1320 1320 1321 1321 1322 1322 1323 1323 1324 1324 1325 1325 1326 1326 1327 1327 1328 1328 1329 1329 1330 1330 1331 1331 1332 1332 1333 1333 1334 1334 1335 1335 1336 1336 1337 1337 1338 1338 1339 1339 1340 1340 1341 1341 1342 1342 1343 1343 1344 1344 1345 1345 1346 1346 1347 1347 1348 1348 1349 1349 1350 1350 1351 1351 1352 1352 1353 1353 1354 1354 1355 1355 1356 1356 1357 1357 1358 1358 1359 1359 1360 1360 1361 1361 1362 1362 1363 1363 1364 1364 1365 1365 1366 1366 1367 1367 1368 1368 1369 1369 1370 1370 1371 1371 1372 1372 1373 1373 1374 1374 1375 1375 1376 1376 1377 1377 1378 1378 1379 1379 1380 1380 1381 1381 1382 1382 1383 1383 1384 1384 1385 1385 1386 1386 1387 1387 1388 1388 1389 1389 1390 1390 1391 1391 1392 1392 1393 1393 1394 1394 1395 1395 1396 1396 1397 1397 1398 1398 1399 1399 1400 1400 1401 1401 1402 1402 1403 1403 1404 1404 1405 1405 1406 1406 1407 1407 1408 1408 1409 1409 1410 1410 1411 1411 1412 1412 1413 1413 1414 1414 1415 1415 1416 1416 1417 1417 1418 1418 1419 1419 1420 1420 1421 1421 1422 1422 1423 1423 1424 1424 1425 1425 1426 1426 1427 1427 1428 1428 1429 1429 1430 1430 1431 1431 1432 1432 1433 1433 1434 1434 1435 1435 1436 1436 1437 1437 1438 1438 1439 1439 1440 1440 1441 1441 1442 1442 1443 1443 1444 1444 1445 1445 1446 1446 1447 1447 1448 1448 1449 1449 1450 1450 1451 1451 1452 1452 1453 1453 1454 1454 1455 1455 1456 1456 1457 1457 1458 1458 1459 1459 1460 1460 1461 1461 1462 1462 1463 1463 1464 1464 1465 1465 1466 1466 1467 1467 1468 1468 1469 1469 1470 1470 1471 1471 1472 1472 1473 1473 1474 1474 1475 1475 1476 1476 1477 1477 1478 1478 1479 1479 1480 1480 1481 1481 1482 1482 1483 1483 1484 1484 1485 1485 1486 1486 1487 1487 1488 1488 1489 1489 1490 1490 1491 1491 1492 1492 1493 1493 1494 1494 1495 1495 1496 1496 1497 1497 1498 1498 1499 1499 1500 1500 1501 1501 1502 1502 1503 1503 1504 1504 1505 1505 1506 1506 1507 1507 1508 1508 1509 1509 1510 1510 1511 1511 1512 1512 1513 1513 1514 1514 1515 1515 1516 1516 1517 1517 1518 1518 1519 1519 1520 1520 1521 1521 1522 1522 1523 1523 1524 1524 1525 1525 1526 1526 1527 1527 1528 1528 1529 1529 1530 1530 1531 1531 1532 1532 1533 1533 1534 1534 1535 1535 1536 1536 1537 1537 1538 1538 1539 1539 1540 1540 1541 1541 1542 1542 1543 1543 1544 1544 1545 1545 1546 1546 1547 1547 1548 1548 1549 1549 1550 1550 1551 1551 1552 1552 1553 1553 1554 1554 1555 1555 1556 1556 1557 1557 1558 1558 1559 1559 1560 1560 1561 1561 1562 1562 1563 1563 1564 1564 1565 1565 1566 1566 1567 1567 1568 1568 1569 1569 1570 1570 1571 1571 1572 1572 1573 1573 1574 1574 1575 1575 1576 1576 1577 1577 1578 1578 1579 1579 1580 1580 1581 1581 1582 1582 1583 1583 1584 1584 1585 1585 1586 1586 1587 1587 1588 1588 1589 1589 1590 1590 1591 1591 1592 1592 1593 1593 1594 1594 1595 1595 1596 1596 1597 1597 1598 1598 1599 1599 1600 1600 1601 1601 1602 1602 1603 1603 1604 1604 1605 1605 1606 1606 1607 1607 1608 1608 1609 1609 1610 1610 1611 1611 1612 1612 1613 1613 1614 1614 1615 1615 1616 1616 1617 1617 1618 1618 1619 1619 1620 1620 1621 1621 1622 1622 1623 1623 1624 1624 1625 1625 1626 1626 1627 1627 1628 1628 1629 1629 1630 1630 1631 1631 1632 1632 1633 1633 1634 1634 1635 1635 1636 1636 1637 1637 1638 1638 1639 1639 1640 1640 1641 1641 1642 1642 1643 1643 1644 1644 1645 1645 1646 1646 1647 1647 1648 1648 1649 1649 1650 1650 1651 1651 1652 1652 1653 1653 1654 1654 1655 1655 1656 1656 1657 1657 1658 1658 1659 1659 1660 1660 1661 1661 1662 1662 1663 1663 1664 1664 1665 1665 1666 1666 1667 1667 1668 1668 1669 1669 1670 1670 1671 1671 1672 1672 1673 1673 1674 1674 1675 1675 1676 1676 1677 1677 1678 1678 1679 1679 1680 1680 1681 1681 1682 1682 1683 1683 1684 1684 1685 1685 1686 1686 1687 1687 1688 1688 1689 1689 1690 1690 1691 1691 1692 1692 1693 1693 1694 1694 1695 1695 1696 1696 1697 1697 1698 1698 1699 1699 1700 1700 1701 1701 1702 1702 1703 1703 1704 1704 1705 1705 1706 1706 1707 1707 1708 1708 1709 1709 1710 1710 1711 1711 1712 1712 1713 1713 1714 1714 1715 1715 1716 1716 1717 1717 1718 1718 1719 1719 1720 1720 1721 1721 1722 1722 1723 1723 1724 1724 1725 1725 1726 1726 1727 1727 1728 1728 1729 1729 1730 1730 1731 1731 1732 1732 1733 1733 1734 1734 1735 1735 1736 1736 1737 1737 1738 1738 1739 1739 1740 1740 1741 1741 1742 1742 1743 1743 1744 1744 1745 1745 1746 1746 1747 1747 1748 1748 1749 1749 1750 1750 1751 1751 1752 1752 1753 1753 1754 1754 1755 1755 1756 1756 1757 1757 1758 1758 1759 1759 1760 1760 1761 1761 1762 1762 1763 1763 1764 1764 1765 1765 1766 1766 1767 1767 1768 1768 1769 1769 1770 1770 1771 1771 1772 1772 1773 1773 1774 1774 1775 1775 1776 1776 1777 1777 1778 1778 1779 1779 1780 1780 1781 1781 1782 1782 1783 1783 1784 1784 1785 1785 1786 1786 1787 1787 1788 1788 1789 1789 1790 1790 1791 1791 1792 1792 1793 1793 1794 1794 1795 1795 1796 1796 1797 1797 1798 1798 1799 1799 1800 1800 1801 1801 1802 1802 1803 1803 1804 1804 1805 1805 1806 1806 1807 1807 1808 1808 1809 1809 1810 1810 1811 1811 1812 1812 1813 1813 1814 1814 1815 1815 1816 1816 1817 1817 1818 1818 1819 1819 1820 1820 1821 1821 1822 1822 1823 1823 1824 1824 1825 1825 1826 1826 1827 1827 1828 1828 1829 1829 1830 1830 1831 1831 1832 1832 1833 1833 1834 1834 1835 1835 1836 1836 1837 1837 1838 1838 1839 1839 1840 1840 1841 1841 1842 1842 1843 1843 1844 1844 1845 1845 1846 1846 1847 1847 1848 1848 1849 1849 1850 1850 1851 1851 1852 1852 1853 1853 1854 1854 1855 1855 1856 1856 1857 1857 1858 1858 1859 1859 1860 1860 1861 1861 1862 1862 1863 1863 1864 1864 1865 1865 1866 1866 1867 1867 1868 1868 1869 1869 1870 1870 1871 1871 1872 1872 1873 1873 1874 1874 1875 1875 1876 1876 1877 1877 1878 1878 1879 1879 1880 1880 1881 1881 1882 1882 1883 1883 1884 1884 1885 1885 1886 1886 1887 1887 1888 1888 1889 1889 1890 1890 1891 1891 1892 1892 1893 1893 1894 1894 1895 1895 1896 1896 1897 1897 1898 1898 1899 1899 1900 1900 1901 1901 1902 1902 1903 1903 1904 1904 1905 1905 1906 1906 1907 1907 1908 1908 1909 1909 1910 1910 1911 1911 1912 1912 1913 1913 1914 1914 1915 1915 1916 1916 1917 1917 1918 1918 1919 1919 1920 1920 1921 1921 1922 1922 1923 1923 1924 1924 1925 1925 1926 1926 1927 1927 1928 1928 1929 1929 1930 1930 1931 1931 1932 1932 1933 1933 1934 1934 1935 1935 1936 1936 1937 1937 1938 1938 1939 1939 1940 1940 1941 1941 1942 1942 1943 1943 1944 1944 1945 1945 1946 1946 1947 1947 1948 1948 1949 1949 1950 1950 1951 1951 1952 1952 1953 1953 1954 1954 1955 1955 1956 1956 1957 1957 1958 1958 1959 1959 1960 1960 1961 1961 1962 1962 1963 1963 1964 1964 1965 1965 1966 1966 1967 1967 1968 1968 1969 1969 1970 1970 1971 1971 1972 1972 1973 1973 1974 1974 1975 1975 1976 1976 1977 1977 1978 1978 1979 1979 1980 1980 1981 1981 1982 1982 1983 1983 1984 1984 1985 1985 1986 1986 1987 1987 1988 1988 1989 1989 1990 1990 1991 1991 1992 1992 1993 1993 1994 1994 1995 1995 1996 1996 1997 1997 1998 1998 1999 1999 2000 2000 2001 2001 2002 2002 2003 2003 2004 2004 2005 2005 2006 2006 2007 2007 2008 2008 2009 2009 2010 2010 2011 2011 2012 2012 2013 2013 2014 2014 2015 2015 2016 2016 2017 2017 2018 2018 2019 2019 2020 2020 2021 2021 2022 2022 2023 2023 2024 2024 2025 2025 2026 2026 2027 2027 2028 2028 2029 2029 2030 2030 2031 2031 2032 2032 2033 2033 2034 2034 2035 2035 2036 2036 2037 2037 2038 2038 2039 2039 2040 2040 2041 2041 2042 2042 2043 2043 2044 2044 2045 2045 2046 2046 2047 2047 2048 2048 2049 2049 2050 2050 2051 2051 2052 2052 2053 2053 2054 2054 2055 2055 2056 2056 2057 2057 2058 2058 2059 2059 2060 2060 2061 2061 2062 2062 2063 2063 2064 2064 2065 2065 2066 2066 2067 2067 2068 2068 2069 2069 2070 2070 2071 2071 2072 2072 2073 2073 2074 2074 2075 2075 2076 2076 2077 2077 2078 2078 2079 2079 2080 2080 2081 2081 2082 2082 2083 2083 2084 2084 2085 2085 2086 2086 2087 2087 2088 2088 2089 2089 2090 2090 2091 2091 2092 2092 2093 2093 2094 2094 2095 2095 2096 2096 2097 2097 2098 2098 2099 2099 2100 2100 2101 2101 2102 2102 2103 2103 2104 2104 2105 2105 2106 2106 2107 2107 2108 2108 2109 2109 2110 2110 2111 2111 2112 2112 2113 2113 2114 2114 2115 2115 2116 2116 2117 2117 2118 2118 2119 2119 2120 2120 2121 2121 2122 2122 2123 2123 2124 2124 2125 2125 2126 2126 2127 2127 2128 2128 2129 2129 2130 2130 2131 2131 2132 2132 2133 2133 2134 2134 2135 2135 2136 2136 2137 2137 2138 2138 2139 2139 2140 2140 2141 2141 2142 2142 2143 2143 2144 2144 2145 2145 2146 2146 2147 2147 2148 2148 2149 2149 2150 2150 2151 2151 2152 2152 2153 2153 2154 2154 2155 2155 2156 2156 2157 2157 2158 2158 2159 2159 2160 2160 2161 2161 2162 2162 2163 2163 2164 2164 2165 2165 2166 2166 2167 2167 2168 2168 2169 2169 2170 2170 2171 2171 2172 2172 2173 2173 2174 2174 2175 2175 2176 2176 2177 2177 2178 2178 2179 2179 2180 2180 2181 2181 2182 2182 2183 2183 2184 2184 2185 2185 2186 2186 2187 2187 2188 2188 2189 2189 2190 2190 2191 2191 2192 2192 2193 2193 2194 2194 2195 2195 2196 2196 2197 2197 2198 2198 2199 2199 2200 2200 2201 2201 2202 2202 2203 2203 2204 2204 2205 2205 2206 2206 2207 2207 2208 2208 2209 2209 2210 2210 2211 2211 2212 2212 2213 2213 2214 2214 2215 2215 2216 2216 2217 2217 2218 2218 2219 2219 2220 2220 2221 2221 2222 2222 2223 2223 2224 2224 2225 2225 2226 2226 2227 2227 2228 2228 2229 2229 2230 2230 2231 2231 2232 2232 2233 2233 2234 2234 2235 2235 2236 2236 2237 2237 2238 2238 2239 2239 2240 2240 2241 2241 2242 2242 2243 2243 2244 2244 2245 2245 2246 2246 2247 2247 2248 2248 2249 2249 2250 2250 2251 2251 2252 2252 2253 2253 2254 2254 2255 2255 2256 2256 2257 2257 2258 2258 2259 2259 2260 2260 2261 2261 2262 2262 2263 2263 2264 2264 2265 2265 2266 2266 2267 2267 2268 2268 2269 2269 2270 2270 2271 2271 2272 2272 2273 2273 2274 2274 2275 2275 2276 2276 2277 2277 2278 2278 2279 2279 2280 2280 2281 2281 2282 2282 2283 2283 2284 2284 2285 2285 2286 2286 2287 2287 2288 2288 2289 2289 2290 2290 2291 2291 2292 2292 2293 2293 2294 2294 2295 2295 2296 2296 2297 2297 2298 2298 2299 2299 2300 2300 2301 2301 2302 2302 2303 2303 2304 2304 2305 2305 2306 2306 2307 2307 2308 2308 2309 2309 2310 2310 2311 2311 2312 2312 2313 2313 2314 2314 2315 2315 2316 2316 2317 2317 2318 2318 2319 2319 2320 2320 2321 2321 2322 2322 2323 2323 2324 2324 2325 2325 2326 2326 2327 2327 2328 2328 2329 2329 2330 2330 2331 2331 2332 2332 2333 2333 2334 2334 2335 2335 2336 2336 2337 2337 2338 2338 2339 2339 2340 2340 2341 2341 2342 2342 2343 2343 2344 2344 2345 2345 2346 2346 2347 2347 2348 2348 2349 2349 2350 2350 2351 2351 2352 2352 2353 2353 2354 2354 2355 2355 2356 2356 2357 2357 2358 2358 2359 2359 2360 2360 2361 2361 2362 2362 2363 2363 2364 2364 2365 2365 2366 2366 2367 2367 2368 2368 2369 2369 2370 2370 2371 2371 2372 2372 2373 2373 2374 2374 2375 2375 2376 2376 2377 2377 2378 2378 2379 2379 2380 2380 2381 2381 2382 2382 2383 2383 2384 2384 2385 2385 2386 2386 2387 2387 2388 2388 2389 2389 2390 2390 2391 2391 2392 2392 2393 2393 2394 2394 2395 2395 </p>
                </triangles>
            </mesh>
        </geometry>
    </library_geometries>
    <library_visual_scenes>
        <visual_scene id="Scene-1" name="Scene-1">
            <node id="Object-1" name="Object-1">
                <instance_geometry url="#Mesh-1" />
            </node>
        </visual_scene>
    </library_visual_scenes>
    <scene>
        <instance_visual_scene url="#Scene-1" />
    </scene>
</COLLADA>
